date,weather_state,demand_units,total_cost,avg_service_level,avg_risk_score,stockout_units
2024-01-01,cloudy,873,24196.43,1.0,0.041666666666666664,0
2024-01-02,cloudy,870,11447.87,1.0,0.03333333333333333,0
2024-01-03,cloudy,860,12853.0,1.0,0.0375,0
2024-01-04,cloudy,890,11037.61,1.0,0.02291666666666667,0
2024-01-05,cloudy,880,13240.63,0.9952833333333334,0.019495833333333334,12
2024-01-06,cloudy,780,12248.17,0.9791666666666666,0.027083333333333334,45
2024-01-07,cloudy,803,12237.41,1.0,0.010416666666666666,0
2024-01-08,clear,839,12067.97,1.0,0.012500000000000002,0
2024-01-09,cloudy,884,15510.67,1.0,0.02291666666666667,0
2024-01-10,cloudy,889,11680.91,1.0,0.02291666666666667,0
2024-01-11,clear,853,12490.26,0.9956770833333333,0.021343749999999998,11
2024-01-12,cloudy,879,12371.98,0.9791666666666666,0.029166666666666664,50
2024-01-13,cloudy,809,12628.36,0.9791666666666666,0.029166666666666664,46
2024-01-14,clear,788,11457.57,1.0,0.012500000000000002,0
2024-01-15,cloudy,882,12772.39,1.0,0.014583333333333335,0
2024-01-16,clear,854,12410.21,1.0,0.01875,0
2024-01-17,white_wind,962,13699.79,1.0,0.3229166666666667,0
2024-01-18,clear,872,11497.76,0.9927874999999999,0.02307708333333333,18
2024-01-19,clear,874,12909.98,0.9791666666666666,0.03125,51
2024-01-20,cloudy,802,11249.51,0.9791666666666666,0.027083333333333334,45
2024-01-21,clear,780,13691.630000000001,1.0,0.020833333333333332,0
2024-01-22,cloudy,874,11705.93,1.0,0.016666666666666666,0
2024-01-23,cloudy,893,12303.05,1.0,0.014583333333333335,0
2024-01-24,clear,834,11620.36,1.0,0.014583333333333335,0
2024-01-25,clear,852,15162.95,0.9962125,0.025189583333333335,10
2024-01-26,cloudy,915,13221.28,0.9791666666666666,0.035416666666666666,51
2024-01-27,cloudy,818,11419.85,1.0,0.016666666666666666,0
2024-01-28,clear,787,11401.55,1.0,0.010416666666666666,0
2024-01-29,clear,870,12959.68,1.0,0.014583333333333335,0
2024-01-30,cloudy,897,12180.87,1.0,0.016666666666666666,0
2024-01-31,clear,928,12021.84,0.99685625,0.018554166666666667,8
2024-02-01,clear,845,12601.08,0.9791666666666666,0.029166666666666664,47
2024-02-02,clear,874,13911.13,1.0,0.014583333333333335,0
2024-02-03,clear,813,13471.17,1.0,0.014583333333333335,0
2024-02-04,clear,793,11822.78,1.0,0.014583333333333335,0
2024-02-05,clear,850,13891.43,1.0,0.02291666666666667,0
2024-02-06,clear,863,13386.04,0.9918291666666667,0.03198541666666667,20
2024-02-07,clear,864,12777.35,0.9791666666666666,0.0375,48
2024-02-08,clear,869,12297.2,1.0,0.020833333333333332,0
2024-02-09,clear,871,12200.28,1.0,0.012500000000000002,0
2024-02-10,clear,780,13856.28,1.0,0.020833333333333332,0
2024-02-11,clear,815,11033.63,1.0,0.014583333333333335,0
2024-02-12,clear,883,12577.75,1.0,0.014583333333333335,0
2024-02-13,clear,873,11228.94,0.98384375,0.024277083333333335,38
2024-02-14,cloudy,922,12330.22,1.0,0.014583333333333335,0
2024-02-15,cloudy,914,13760.0,1.0,0.01875,0
2024-02-16,clear,849,11447.89,1.0,0.016666666666666666,0
2024-02-17,clear,802,12259.06,1.0,0.020833333333333332,0
2024-02-18,clear,775,13871.37,0.9847229166666667,0.03416666666666667,33
2024-02-19,clear,859,12902.25,0.9791666666666666,0.03125,52
2024-02-20,cloudy,888,12360.54,1.0,0.020833333333333332,0
2024-02-21,clear,873,12304.22,1.0,0.01875,0
2024-02-22,clear,859,12325.06,1.0,0.016666666666666666,0
2024-02-23,clear,861,11640.64,1.0,0.012500000000000002,0
2024-02-24,cloudy,816,12151.42,0.9804166666666667,0.024250000000000004,47
2024-02-25,clear,805,11891.6,1.0,0.014583333333333335,0
2024-02-26,cloudy,923,16738.74,1.0,0.03125,0
2024-02-27,cloudy,891,11485.61,1.0,0.01875,0
2024-02-28,cloudy,899,12118.06,1.0,0.020833333333333332,0
2024-02-29,clear,951,13126.28,0.9851187499999999,0.029762499999999997,40
2024-03-01,clear,875,12810.16,0.9791666666666666,0.03333333333333333,51
2024-03-02,clear,793,13265.61,1.0,0.020833333333333332,0
2024-03-03,clear,792,11716.46,1.0,0.01875,0
2024-03-04,clear,879,13268.81,1.0,0.016666666666666666,0
2024-03-05,clear,853,12115.85,1.0,0.01875,0
2024-03-06,clear,866,13318.46,1.0,0.014583333333333335,0
2024-03-07,clear,862,12778.73,0.9817166666666667,0.031802083333333335,43
2024-03-08,clear,861,11032.07,1.0,0.006250000000000001,0
2024-03-09,clear,789,11780.289999999999,1.0,0.008333333333333333,0
2024-03-10,cloudy,814,12542.66,1.0,0.012500000000000002,0
2024-03-11,clear,853,13159.0,1.0,0.020833333333333332,0
2024-03-12,clear,873,12523.86,0.9958333333333332,0.0275,10
2024-03-13,cloudy,879,13482.95,0.9791666666666666,0.035416666666666666,53
2024-03-14,clear,835,12405.24,0.9791666666666666,0.03125,48
2024-03-15,cloudy,893,13612.7,1.0,0.020833333333333332,0
2024-03-16,clear,775,11906.3,1.0,0.016666666666666666,0
2024-03-17,clear,783,11877.26,1.0,0.012500000000000002,0
2024-03-18,clear,846,13553.53,1.0,0.01875,0
2024-03-19,cloudy,889,11946.09,1.0,0.01875,0
2024-03-20,clear,862,13328.99,0.9799520833333334,0.032862499999999996,51
2024-03-21,clear,840,13500.87,0.9791666666666666,0.035416666666666666,51
2024-03-22,clear,838,11290.27,0.9791666666666666,0.027083333333333334,50
2024-03-23,cloudy,802,11034.88,1.0,0.0020833333333333333,0
2024-03-24,clear,788,12410.8,1.0,0.004166666666666667,0
2024-03-25,clear,836,13639.56,1.0,0.012500000000000002,0
2024-03-26,clear,852,12299.45,1.0,0.01875,0
2024-03-27,clear,826,12437.03,0.9929166666666666,0.02716666666666667,17
2024-03-28,clear,836,12403.13,0.9791666666666666,0.035416666666666666,48
2024-03-29,clear,827,13543.52,0.9791666666666666,0.0375,52
2024-03-30,clear,756,12531.94,0.9791666666666666,0.03125,44
2024-03-31,clear,843,11009.33,1.0,0.008333333333333333,0
2024-04-01,cloudy,839,12442.27,1.0,0.010416666666666666,0
2024-04-02,cloudy,863,13339.5,1.0,0.016666666666666666,0
2024-04-03,clear,799,12119.07,1.0,0.01875,0
2024-04-04,clear,826,12427.08,1.0,0.01875,0
2024-04-05,clear,824,12795.39,0.9876895833333333,0.024052083333333335,26
2024-04-06,clear,757,13612.23,0.9791666666666666,0.03125,46
2024-04-07,clear,750,11967.19,1.0,0.010416666666666666,0
2024-04-08,clear,817,13399.64,1.0,0.012500000000000002,0
2024-04-09,clear,820,13899.33,1.0,0.025000000000000005,0
2024-04-10,clear,821,11439.7,1.0,0.025000000000000005,0
2024-04-11,clear,814,11560.87,0.9911270833333333,0.02824166666666667,23
2024-04-12,clear,821,12358.56,0.9791666666666666,0.03125,52
2024-04-13,clear,733,13567.06,0.9791666666666666,0.029166666666666664,39
2024-04-14,clear,732,12440.14,1.0,0.01875,0
2024-04-15,clear,795,13269.68,1.0,0.01875,0
2024-04-16,clear,806,11513.41,1.0,0.016666666666666666,0
2024-04-17,clear,797,12861.2,1.0,0.01875,0
2024-04-18,clear,809,11036.56,1.0,0.010416666666666666,0
2024-04-19,clear,791,11498.05,0.996125,0.012741666666666667,8
2024-04-20,clear,725,11684.59,0.9791666666666666,0.020833333333333332,46
2024-04-21,clear,733,13374.43,1.0,0.014583333333333335,0
2024-04-22,clear,789,13036.41,1.0,0.014583333333333335,0
2024-04-23,clear,782,12338.72,1.0,0.012500000000000002,0
2024-04-24,clear,793,12901.88,1.0,0.020833333333333332,0
2024-04-25,clear,776,11734.03,1.0,0.016666666666666666,0
2024-04-26,clear,771,11150.87,0.9891104166666667,0.019033333333333336,23
2024-04-27,clear,718,11406.84,1.0,0.008333333333333333,0
2024-04-28,clear,709,11783.52,1.0,0.006250000000000001,0
2024-04-29,clear,786,12827.22,1.0,0.012500000000000002,0
2024-04-30,cloudy,902,13971.85,1.0,0.020833333333333332,0
2024-05-01,clear,780,12900.6,0.9995041666666666,0.02529791666666667,1
2024-05-02,clear,760,12501.05,0.9791666666666666,0.0375,42
2024-05-03,clear,782,15917.28,1.0,0.03541666666666667,0
2024-05-04,clear,715,12684.11,1.0,0.03333333333333333,0
2024-05-05,clear,696,11935.47,1.0,0.025000000000000005,0
2024-05-06,clear,740,12446.04,1.0,0.020833333333333332,0
2024-05-07,cloudy,784,12543.83,1.0,0.014583333333333335,0
2024-05-08,clear,734,13409.0,0.9883125,0.02159583333333333,23
2024-05-09,clear,733,11910.67,1.0,0.014583333333333335,0
2024-05-10,clear,758,11435.09,1.0,0.008333333333333333,0
2024-05-11,white_wind,788,11980.66,1.0,0.3083333333333333,0
2024-05-12,clear,679,12425.57,1.0,0.012500000000000002,0
2024-05-13,clear,744,11775.2,1.0,0.012500000000000002,0
2024-05-14,clear,739,12063.84,0.984375,0.021875000000000002,30
2024-05-15,clear,749,12141.32,0.9791666666666666,0.024999999999999998,39
2024-05-16,clear,742,12874.0,0.9791666666666666,0.029166666666666664,39
2024-05-17,clear,746,12613.6,1.0,0.016666666666666666,0
2024-05-18,cloudy,680,11525.210000000001,1.0,0.012500000000000002,0
2024-05-19,cloudy,699,11793.97,1.0,0.014583333333333335,0
2024-05-20,cloudy,744,12751.11,1.0,0.014583333333333335,0
2024-05-21,cloudy,765,13558.97,1.0,0.025000000000000005,0
2024-05-22,clear,710,11104.73,0.9932166666666666,0.024902083333333335,14
2024-05-23,clear,714,12375.93,1.0,0.020833333333333332,0
2024-05-24,clear,728,11951.48,1.0,0.010416666666666666,0
2024-05-25,clear,665,13362.57,1.0,0.012500000000000002,0
2024-05-26,cloudy,686,12625.45,1.0,0.012500000000000002,0
2024-05-27,clear,706,12069.58,1.0,0.012500000000000002,0
2024-05-28,clear,707,12332.619999999999,0.98498125,0.025679166666666666,31
2024-05-29,cloudy,740,11713.09,0.9791666666666666,0.029166666666666664,48
2024-05-30,clear,707,12187.789999999999,1.0,0.012500000000000002,0
2024-05-31,clear,758,11040.02,1.0,0.004166666666666667,0
2024-06-01,cloudy,648,11924.55,1.0,0.004166666666666667,0
2024-06-02,clear,636,11968.13,1.0,0.008333333333333333,0
2024-06-03,cloudy,731,12839.99,1.0,0.012500000000000002,0
2024-06-04,cloudy,715,11738.32,0.9995270833333333,0.006533333333333333,1
2024-06-05,cloudy,726,13090.04,0.9791666666666666,0.027083333333333334,42
2024-06-06,white_wind,785,13646.12,1.0,0.31666666666666665,0
2024-06-07,cloudy,731,12652.66,1.0,0.02291666666666667,0
2024-06-08,cloudy,669,13444.42,1.0,0.02916666666666667,0
2024-06-09,clear,622,11654.2,1.0,0.02291666666666667,0
2024-06-10,clear,663,12538.12,1.0,0.025000000000000005,0
2024-06-11,cloudy,706,11945.49,1.0,0.02291666666666667,0
2024-06-12,cloudy,707,13632.99,1.0,0.016666666666666666,0
2024-06-13,clear,671,12545.61,1.0,0.016666666666666666,0
2024-06-14,clear,687,12513.24,1.0,0.01875,0
2024-06-15,clear,621,12158.27,1.0,0.016666666666666666,0
2024-06-16,clear,625,11040.04,1.0,0.008333333333333333,0
2024-06-17,clear,680,11107.6,0.9936604166666667,0.0121375,14
2024-06-18,clear,666,11233.28,0.9791666666666666,0.01875,39
2024-06-19,cloudy,682,13093.06,0.9791666666666666,0.020833333333333332,41
2024-06-20,cloudy,694,12643.73,1.0,0.010416666666666666,0
2024-06-21,cloudy,689,11673.98,1.0,0.008333333333333333,0
2024-06-22,cloudy,631,11831.25,1.0,0.012500000000000002,0
2024-06-23,clear,588,12297.19,1.0,0.010416666666666666,0
2024-06-24,white_wind,779,12158.39,1.0,0.3125,0
2024-06-25,white_wind,766,12669.94,0.9890875,0.32321458333333336,22
2024-06-26,cloudy,664,11703.26,1.0,0.016666666666666666,0
2024-06-27,cloudy,660,10998.34,1.0,0.012500000000000002,0
2024-06-28,clear,660,13620.94,1.0,0.01875,0
2024-06-29,cloudy,626,12088.29,1.0,0.010416666666666666,0
2024-06-30,clear,665,13404.77,1.0,0.01875,0
2024-07-01,clear,641,12184.49,1.0,0.02291666666666667,0
2024-07-02,cloudy,639,12386.3,0.9818375,0.033814583333333335,34
2024-07-03,clear,653,12032.34,1.0,0.020833333333333332,0
2024-07-04,cloudy,677,11356.22,1.0,0.014583333333333335,0
2024-07-05,white_wind,739,12363.26,1.0,0.3125,0
2024-07-06,white_wind,665,12394.65,1.0,0.31666666666666665,0
2024-07-07,clear,594,11430.19,1.0,0.012500000000000002,0
2024-07-08,cloudy,653,13489.97,1.0,0.014583333333333335,0
2024-07-09,cloudy,658,13591.42,0.9904270833333334,0.026577083333333335,17
2024-07-10,white_wind,725,11275.95,0.9791666666666666,0.32708333333333334,52
2024-07-11,cloudy,668,12067.83,1.0,0.012500000000000002,0
2024-07-12,clear,624,11725.49,1.0,0.008333333333333333,0
2024-07-13,cloudy,590,12946.94,1.0,0.012500000000000002,0
2024-07-14,cloudy,594,12453.02,1.0,0.014583333333333335,0
2024-07-15,cloudy,658,11040.55,1.0,0.014583333333333335,0
2024-07-16,cloudy,634,12139.03,1.0,0.01875,0
2024-07-17,white_wind,720,11637.41,0.9851187499999999,0.32142916666666665,30
2024-07-18,clear,626,11649.68,1.0,0.006250000000000001,0
2024-07-19,clear,616,13159.02,1.0,0.012500000000000002,0
2024-07-20,white_wind,639,13187.1,1.0,0.3145833333333333,0
2024-07-21,white_wind,652,13285.22,1.0,0.32083333333333336,0
2024-07-22,cloudy,626,13155.81,1.0,0.025000000000000005,0
2024-07-23,cloudy,639,11452.22,1.0,0.020833333333333332,0
2024-07-24,cloudy,627,11571.71,0.9842333333333334,0.030293749999999998,28
2024-07-25,cloudy,642,11665.48,0.9791666666666666,0.03333333333333333,39
2024-07-26,white_wind,702,12415.91,0.9791666666666666,0.33125,41
2024-07-27,cloudy,588,11035.5,1.0,0.014583333333333335,0
2024-07-28,white_wind,660,12801.01,1.0,0.3125,0
2024-07-29,cloudy,656,11028.59,1.0,0.012500000000000002,0
2024-07-30,white_wind,702,13324.41,1.0,0.3145833333333333,0
2024-07-31,cloudy,744,12843.88,1.0,0.020833333333333332,0
2024-08-01,cloudy,644,13284.18,0.9966208333333334,0.02286041666666667,6
2024-08-02,clear,605,11682.16,0.9791666666666666,0.035416666666666666,34
2024-08-03,cloudy,573,12100.68,0.9791666666666666,0.03333333333333333,30
2024-08-04,white_wind,667,11703.710000000001,0.9791666666666666,0.32916666666666666,43
2024-08-05,cloudy,618,11050.28,1.0,0.010416666666666666,0
2024-08-06,cloudy,605,12559.98,1.0,0.012500000000000002,0
2024-08-07,white_wind,691,13552.12,1.0,0.3104166666666667,0
2024-08-08,white_wind,700,13411.77,1.0,0.32083333333333336,0
2024-08-09,white_wind,704,11683.72,1.0,0.32083333333333336,0
2024-08-10,clear,561,12439.44,1.0,0.02291666666666667,0
2024-08-11,white_wind,647,11734.64,0.992325,0.3191895833333333,14
2024-08-12,cloudy,639,11897.95,0.9791666666666666,0.027083333333333334,35
2024-08-13,cloudy,629,12067.33,1.0,0.010416666666666666,0
2024-08-14,cloudy,616,12015.19,1.0,0.012500000000000002,0
2024-08-15,clear,596,11535.94,1.0,0.012500000000000002,0
2024-08-16,cloudy,621,12519.21,1.0,0.012500000000000002,0
2024-08-17,white_wind,629,11417.73,1.0,0.3104166666666667,0
2024-08-18,cloudy,590,11852.79,1.0,0.012500000000000002,0
2024-08-19,white_wind,677,11120.14,0.9912791666666667,0.31565,18
2024-08-20,cloudy,643,15176.14,0.9791666666666666,0.035416666666666666,41
2024-08-21,clear,613,12667.04,0.9791666666666666,0.03333333333333333,38
2024-08-22,clear,605,11431.97,1.0,0.014583333333333335,0
2024-08-23,white_wind,695,12586.73,1.0,0.31666666666666665,0
2024-08-24,clear,547,11016.78,1.0,0.012500000000000002,0
2024-08-25,white_wind,657,13021.54,1.0,0.31875,0
2024-08-26,white_wind,705,12042.16,1.0,0.31666666666666665,0
2024-08-27,cloudy,654,12041.53,0.9972583333333334,0.014143750000000002,5
2024-08-28,white_wind,713,11792.17,0.9791666666666666,0.3229166666666667,43
2024-08-29,clear,616,13346.16,0.9791666666666666,0.029166666666666664,37
2024-08-30,white_wind,706,13204.97,0.9791666666666666,0.3333333333333333,42
2024-08-31,white_wind,710,11528.65,1.0,0.31875,0
2024-09-01,white_wind,643,11464.58,1.0,0.31666666666666665,0
2024-09-02,cloudy,633,12094.83,1.0,0.016666666666666666,0
2024-09-03,cloudy,639,12154.96,1.0,0.016666666666666666,0
2024-09-04,white_wind,699,13409.2,1.0,0.3229166666666667,0
2024-09-05,white_wind,722,11685.65,1.0,0.3229166666666667,0
2024-09-06,white_wind,717,11261.7,0.9791666666666666,0.325,45
2024-09-07,white_wind,670,12656.28,1.0,0.3125,0
2024-09-08,white_wind,669,13074.74,1.0,0.31875,0
2024-09-09,white_wind,704,14068.95,1.0,0.325,0
2024-09-10,white_wind,740,11839.97,1.0,0.32708333333333334,0
2024-09-11,cloudy,649,11441.85,1.0,0.01875,0
2024-09-12,white_wind,725,11804.04,1.0,0.31875,0
2024-09-13,white_wind,703,11829.77,0.98046875,0.33046875,30
2024-09-14,cloudy,591,12043.36,0.9791666666666666,0.03125,31
2024-09-15,white_wind,658,11015.88,1.0,0.3125,0
2024-09-16,white_wind,696,13356.41,1.0,0.31875,0
2024-09-17,cloudy,657,12111.89,1.0,0.01875,0
2024-09-18,cloudy,650,11427.93,1.0,0.012500000000000002,0
2024-09-19,white_wind,718,12196.61,1.0,0.3145833333333333,0
2024-09-20,white_wind,740,12780.09,1.0,0.31875,0
2024-09-21,white_wind,675,11737.79,0.9867416666666666,0.3225375,28
2024-09-22,white_wind,677,12025.119999999999,0.9791666666666666,0.33125,41
2024-09-23,white_wind,740,12484.84,1.0,0.32083333333333336,0
2024-09-24,white_wind,727,12434.16,1.0,0.3229166666666667,0
2024-09-25,white_wind,730,13275.49,1.0,0.325,0
2024-09-26,white_wind,714,13551.48,1.0,0.33125,0
2024-09-27,white_wind,750,10979.28,1.0,0.33125,0
2024-09-28,white_wind,693,12614.87,0.9836708333333334,0.33479791666666664,29
2024-09-29,white_wind,686,12370.78,0.9791666666666666,0.33125,38
2024-09-30,white_wind,856,13408.22,0.9791666666666666,0.3354166666666667,51
2024-10-01,white_wind,755,11808.75,1.0,0.3229166666666667,0
2024-10-02,white_wind,726,11964.35,1.0,0.31666666666666665,0
2024-10-03,white_wind,760,13454.8,1.0,0.325,0
2024-10-04,white_wind,739,12371.98,1.0,0.32708333333333334,0
2024-10-05,white_wind,702,13047.76,1.0,0.325,0
2024-10-06,white_wind,699,12418.210000000001,0.9880958333333334,0.33214375,24
2024-10-07,white_wind,778,14895.45,0.9791666666666666,0.3416666666666666,42
2024-10-08,white_wind,753,11028.23,1.0,0.3229166666666667,0
2024-10-09,white_wind,752,12149.1,1.0,0.3145833333333333,0
2024-10-10,cloudy,673,11897.68,1.0,0.012500000000000002,0
2024-10-11,white_wind,775,12165.77,1.0,0.3145833333333333,0
2024-10-12,white_wind,693,11055.23,1.0,0.3104166666666667,0
2024-10-13,white_wind,708,13367.56,0.9866458333333333,0.3246791666666667,25
2024-10-14,white_wind,767,12716.76,1.0,0.32083333333333336,0
2024-10-15,cloudy,713,11046.56,1.0,0.020833333333333332,0
2024-10-16,clear,663,13785.47,1.0,0.025000000000000005,0
2024-10-17,white_wind,790,12150.87,1.0,0.325,0
2024-10-18,white_wind,761,11483.23,1.0,0.3229166666666667,0
2024-10-19,cloudy,637,11530.75,0.9867895833333332,0.026677083333333334,26
2024-10-20,white_wind,713,12894.3,1.0,0.31666666666666665,0
2024-10-21,cloudy,703,11502.43,1.0,0.012500000000000002,0
2024-10-22,white_wind,802,12535.95,1.0,0.3145833333333333,0
2024-10-23,cloudy,711,11473.869999999999,1.0,0.016666666666666666,0
2024-10-24,white_wind,789,12160.93,1.0,0.32083333333333336,0
2024-10-25,white_wind,812,12212.09,0.9862812499999999,0.3248979166666667,27
2024-10-26,cloudy,649,11595.43,0.9791666666666666,0.024999999999999998,31
2024-10-27,cloudy,668,11662.99,1.0,0.004166666666666667,0
2024-10-28,cloudy,712,14276.48,1.0,0.014583333333333335,0
2024-10-29,white_wind,842,12615.98,1.0,0.31875,0
2024-10-30,cloudy,753,12078.14,1.0,0.020833333333333332,0
2024-10-31,white_wind,913,12245.24,1.0,0.31875,0
2024-11-01,cloudy,722,13722.93,0.9796520833333333,0.035124999999999997,42
2024-11-02,white_wind,746,12137.7,0.9791666666666666,0.32916666666666666,39
2024-11-03,white_wind,743,12593.48,1.0,0.31666666666666665,0
2024-11-04,white_wind,818,13706.68,1.0,0.325,0
2024-11-05,white_wind,836,13032.51,1.0,0.32916666666666666,0
2024-11-06,white_wind,832,12233.51,1.0,0.325,0
2024-11-07,white_wind,835,12588.68,0.99913125,0.32760416666666664,2
2024-11-08,white_wind,837,12665.94,0.9791666666666666,0.33749999999999997,48
2024-11-09,white_wind,757,12994.7,0.9791666666666666,0.3333333333333333,50
2024-11-10,white_wind,763,11655.1,0.9791666666666666,0.32916666666666666,42
2024-11-11,cloudy,766,13763.78,0.9791666666666666,0.03333333333333333,43
2024-11-12,white_wind,838,12160.07,1.0,0.31875,0
2024-11-13,white_wind,846,11003.88,1.0,0.31666666666666665,0
2024-11-14,cloudy,766,13456.51,1.0,0.02291666666666667,0
2024-11-15,clear,741,11030.43,1.0,0.016666666666666666,0
2024-11-16,cloudy,690,13322.5,1.0,0.020833333333333332,0
2024-11-17,cloudy,708,12190.39,0.9867895833333332,0.024593749999999998,26
2024-11-18,white_wind,878,12306.13,0.9791666666666666,0.32708333333333334,54
2024-11-19,white_wind,849,13809.66,1.0,0.32083333333333336,0
2024-11-20,cloudy,782,13224.76,1.0,0.025000000000000005,0
2024-11-21,white_wind,879,11469.8,1.0,0.31666666666666665,0
2024-11-22,white_wind,875,12006.89,1.0,0.31666666666666665,0
2024-11-23,white_wind,813,11948.29,0.9954708333333334,0.32355,10
2024-11-24,cloudy,720,12000.61,0.9791666666666666,0.027083333333333334,41
2024-11-25,cloudy,778,12564.86,0.9791666666666666,0.029166666666666664,39
2024-11-26,cloudy,786,12701.43,0.9791666666666666,0.029166666666666664,48
2024-11-27,cloudy,797,13851.69,1.0,0.020833333333333332,0
2024-11-28,cloudy,786,11419.95,1.0,0.014583333333333335,0
2024-11-29,cloudy,806,13534.58,1.0,0.02291666666666667,0
2024-11-30,white_wind,917,11408.75,1.0,0.3229166666666667,0
2024-12-01,clear,693,12768.74,1.0,0.02291666666666667,0
2024-12-02,white_wind,882,13876.92,0.9880958333333334,0.33631041666666667,32
2024-12-03,white_wind,907,12197.96,1.0,0.31875,0
2024-12-04,cloudy,821,13288.14,1.0,0.020833333333333332,0
2024-12-05,cloudy,812,13612.54,1.0,0.02291666666666667,0
2024-12-06,cloudy,828,12705.28,1.0,0.02291666666666667,0
2024-12-07,clear,721,11595.55,0.9904895833333334,0.026539583333333335,21
2024-12-08,white_wind,819,11658.18,0.9791666666666666,0.3333333333333333,45
2024-12-09,white_wind,903,11043.5,1.0,0.3125,0
2024-12-10,clear,800,12487.41,1.0,0.010416666666666666,0
2024-12-11,cloudy,826,13002.75,1.0,0.012500000000000002,0
2024-12-12,white_wind,919,14209.15,1.0,0.31875,0
2024-12-13,cloudy,818,12064.51,1.0,0.02291666666666667,0
2024-12-14,clear,724,11883.48,0.9846229166666666,0.025893750000000004,31
2024-12-15,clear,748,11476.59,1.0,0.008333333333333333,0
2024-12-16,white_wind,938,12940.65,1.0,0.3104166666666667,0
2024-12-17,clear,810,12398.23,1.0,0.014583333333333335,0
2024-12-18,cloudy,837,13986.85,1.0,0.025000000000000005,0
2024-12-19,clear,801,12787.93,0.9953708333333333,0.03402708333333334,10
2024-12-20,cloudy,827,12921.0,0.9791666666666666,0.043750000000000004,45
2024-12-21,cloudy,780,12453.04,0.9791666666666666,0.03333333333333333,45
2024-12-22,cloudy,777,12121.5,1.0,0.016666666666666666,0
2024-12-23,clear,846,13169.4,1.0,0.014583333333333335,0
2024-12-24,white_wind,944,12907.19,1.0,0.31666666666666665,0
2024-12-25,cloudy,846,12040.42,1.0,0.020833333333333332,0
2024-12-26,cloudy,892,11811.82,1.0,0.014583333333333335,0
2024-12-27,clear,831,13198.26,0.9804958333333333,0.02628541666666667,44
2024-12-28,cloudy,796,12039.29,0.9791666666666666,0.027083333333333334,47
2024-12-29,cloudy,795,11546.66,1.0,0.012500000000000002,0
2024-12-30,cloudy,852,13486.27,1.0,0.014583333333333335,0
2024-12-31,cloudy,962,11909.95,1.0,0.016666666666666666,0
2025-01-01,white_wind,963,14635.11,1.0,0.32083333333333336,0
2025-01-02,white_wind,962,11930.02,0.9859916666666666,0.33132083333333334,39
2025-01-03,clear,832,14200.630000000001,0.9791666666666666,0.03958333333333333,55
2025-01-04,clear,764,12383.07,1.0,0.02291666666666667,0
2025-01-05,cloudy,794,12490.63,1.0,0.025000000000000005,0
2025-01-06,clear,830,12242.75,1.0,0.020833333333333332,0
2025-01-07,clear,824,11678.73,1.0,0.016666666666666666,0
2025-01-08,clear,833,12261.12,1.0,0.016666666666666666,0
2025-01-09,white_wind,974,12008.73,0.98391875,0.3242333333333333,44
2025-01-10,white_wind,964,14672.18,1.0,0.31875,0
2025-01-11,clear,790,12761.78,1.0,0.027083333333333334,0
2025-01-12,clear,759,11447.58,1.0,0.02291666666666667,0
2025-01-13,clear,823,11852.29,1.0,0.02291666666666667,0
2025-01-14,cloudy,903,11662.66,0.9891979166666666,0.02523125,28
2025-01-15,clear,864,12928.85,0.9791666666666666,0.03333333333333333,43
2025-01-16,clear,846,11781.16,0.9719687499999999,0.02931875,64
2025-01-17,clear,856,11932.34,1.0,0.006250000000000001,0
2025-01-18,cloudy,831,13414.71,1.0,0.014583333333333335,0
2025-01-19,cloudy,817,12718.73,1.0,0.012500000000000002,0
2025-01-20,clear,844,10991.64,1.0,0.010416666666666666,0
2025-01-21,clear,857,11971.63,0.9899833333333333,0.018510416666666668,25
2025-01-22,cloudy,879,12424.24,0.9791666666666666,0.020833333333333332,46
2025-01-23,clear,859,14584.59,0.9791666666666666,0.035416666666666666,48
2025-01-24,cloudy,877,14196.55,1.0,0.02916666666666667,0
2025-01-25,white_wind,922,13781.56,1.0,0.33125,0
2025-01-26,clear,797,13049.42,1.0,0.03125,0
2025-01-27,clear,863,11746.68,1.0,0.02916666666666667,0
2025-01-28,clear,845,12146.98,1.0,0.02291666666666667,0
2025-01-29,cloudy,883,12773.47,0.980325,0.03263958333333333,51
2025-01-30,clear,862,11397.37,1.0,0.008333333333333333,0
2025-01-31,clear,951,13245.59,1.0,0.014583333333333335,0
2025-02-01,clear,806,12100.59,1.0,0.012500000000000002,0
2025-02-02,cloudy,828,13579.48,1.0,0.02291666666666667,0
2025-02-03,clear,874,11403.49,0.9944729166666667,0.02206666666666667,13
2025-02-04,clear,872,13533.95,0.9791666666666666,0.035416666666666666,55
2025-02-05,white_wind,1024,14025.28,0.9791666666666666,0.33749999999999997,61
2025-02-06,clear,892,12886.72,1.0,0.02916666666666667,0
2025-02-07,cloudy,910,10994.76,1.0,0.020833333333333332,0
2025-02-08,clear,823,13493.22,1.0,0.01875,0
2025-02-09,clear,800,12001.51,1.0,0.014583333333333335,0
2025-02-10,cloudy,902,13231.07,0.9963229166666667,0.023039583333333336,9
2025-02-11,clear,868,11663.31,0.9791666666666666,0.03125,54
2025-02-12,clear,852,12978.47,0.9791666666666666,0.03125,50
2025-02-13,clear,889,11680.16,1.0,0.016666666666666666,0
2025-02-14,clear,862,12713.84,1.0,0.01875,0
2025-02-15,clear,799,12614.26,1.0,0.016666666666666666,0
2025-02-16,cloudy,843,12642.98,1.0,0.014583333333333335,0
2025-02-17,clear,863,13945.1,1.0,0.025000000000000005,0
2025-02-18,clear,861,11701.36,0.9791666666666666,0.0375,47
2025-02-19,cloudy,906,12222.67,1.0,0.01875,0
2025-02-20,clear,875,13417.87,1.0,0.02291666666666667,0
2025-02-21,cloudy,906,11899.17,1.0,0.020833333333333332,0
2025-02-22,clear,784,13450.619999999999,1.0,0.020833333333333332,0
2025-02-23,clear,781,11503.96,0.9927729166666667,0.021004166666666668,17
2025-02-24,cloudy,887,12667.63,0.9791666666666666,0.029166666666666664,54
2025-02-25,clear,856,12680.68,1.0,0.01875,0
2025-02-26,cloudy,897,12339.06,1.0,0.016666666666666666,0
2025-02-27,cloudy,902,12423.77,1.0,0.010416666666666666,0
2025-02-28,clear,956,13898.07,1.0,0.02291666666666667,0
2025-03-01,clear,807,12856.72,1.0,0.027083333333333334,0
2025-03-02,clear,816,12741.68,0.9809020833333334,0.034375,44
2025-03-03,cloudy,894,13212.36,0.9791666666666666,0.035416666666666666,50
2025-03-04,clear,858,12689.55,1.0,0.02291666666666667,0
2025-03-05,clear,853,13803.55,1.0,0.02291666666666667,0
2025-03-06,clear,861,12806.46,1.0,0.020833333333333332,0
2025-03-07,clear,868,12509.02,1.0,0.020833333333333332,0
2025-03-08,clear,781,11800.52,0.992425,0.0212125,16
2025-03-09,clear,815,11844.3,0.9791666666666666,0.027083333333333334,42
2025-03-10,white_wind,990,12456.84,1.0,0.3125,0
2025-03-11,clear,876,12536.76,1.0,0.014583333333333335,0
2025-03-12,clear,865,14440.84,1.0,0.025000000000000005,0
2025-03-13,clear,838,11456.28,1.0,0.020833333333333332,0
2025-03-14,clear,863,12908.02,0.99375,0.024583333333333336,15
2025-03-15,clear,795,12741.78,0.9791666666666666,0.03333333333333333,50
2025-03-16,cloudy,812,11822.38,0.9791666666666666,0.029166666666666664,46
2025-03-17,clear,842,12372.09,1.0,0.014583333333333335,0
2025-03-18,clear,855,12615.56,1.0,0.01875,0
2025-03-19,cloudy,888,13407.22,1.0,0.025000000000000005,0
2025-03-20,clear,848,12823.67,1.0,0.025000000000000005,0
2025-03-21,clear,841,11123.47,0.9949854166666667,0.011341666666666667,13
2025-03-22,clear,783,12412.2,0.9791666666666666,0.02291666666666667,43
2025-03-23,clear,780,13878.33,1.0,0.016666666666666666,0
2025-03-24,clear,829,12374.88,1.0,0.020833333333333332,0
2025-03-25,clear,858,11877.67,1.0,0.02291666666666667,0
2025-03-26,clear,838,12640.85,1.0,0.020833333333333332,0
2025-03-27,clear,847,12173.99,0.9984562499999999,0.019675,4
2025-03-28,clear,839,12644.19,0.9791666666666666,0.029166666666666664,52
2025-03-29,clear,764,11697.73,1.0,0.010416666666666666,0
2025-03-30,cloudy,818,11523.38,1.0,0.006250000000000001,0
2025-03-31,clear,911,12812.69,1.0,0.010416666666666666,0
2025-04-01,clear,820,13637.02,1.0,0.01875,0
2025-04-02,clear,841,11582.9,0.9964624999999999,0.016706250000000002,9
2025-04-03,clear,819,13120.83,0.9791666666666666,0.03125,51
2025-04-04,clear,834,12617.16,1.0,0.014583333333333335,0
2025-04-05,clear,781,13895.15,1.0,0.016666666666666666,0
2025-04-06,cloudy,796,13099.32,1.0,0.020833333333333332,0
2025-04-07,clear,819,11465.47,1.0,0.020833333333333332,0
2025-04-08,clear,811,11620.19,0.9968291666666667,0.022735416666666664,7
2025-04-09,clear,836,12297.01,0.9791666666666666,0.02708333333333333,50
2025-04-10,clear,837,12765.52,0.9791666666666666,0.024999999999999998,54
2025-04-11,clear,826,14034.3,1.0,0.014583333333333335,0
2025-04-12,clear,742,11844.24,1.0,0.014583333333333335,0
2025-04-13,clear,730,12886.96,1.0,0.016666666666666666,0
2025-04-14,clear,799,12812.53,1.0,0.01875,0
2025-04-15,clear,804,12584.82,1.0,0.016666666666666666,0
2025-04-16,cloudy,834,12103.3,0.9828708333333332,0.026943750000000002,37
2025-04-17,clear,783,12557.35,0.9791666666666666,0.029166666666666664,47
2025-04-18,clear,784,12597.12,0.9791666666666666,0.027083333333333334,50
2025-04-19,clear,716,12572.5,1.0,0.016666666666666666,0
2025-04-20,cloudy,753,11428.06,1.0,0.012500000000000002,0
2025-04-21,cloudy,815,14737.76,1.0,0.02291666666666667,0
2025-04-22,clear,793,11789.74,1.0,0.016666666666666666,0
2025-04-23,clear,808,11709.08,1.0,0.014583333333333335,0
2025-04-24,clear,789,11264.03,0.9795833333333334,0.02266666666666667,49
2025-04-25,cloudy,804,13054.06,1.0,0.014583333333333335,0
2025-04-26,clear,722,11426.45,1.0,0.010416666666666666,0
2025-04-27,clear,697,12436.45,1.0,0.016666666666666666,0
2025-04-28,cloudy,817,12621.17,1.0,0.025000000000000005,0
2025-04-29,clear,789,12831.11,1.0,0.01875,0
2025-04-30,clear,844,11828.99,0.9836958333333333,0.02853333333333333,36
2025-05-01,clear,771,11447.34,1.0,0.010416666666666666,0
2025-05-02,clear,768,13369.72,1.0,0.016666666666666666,0
2025-05-03,cloudy,736,14538.92,1.0,0.025000000000000005,0
2025-05-04,clear,711,11537.26,1.0,0.02291666666666667,0
2025-05-05,clear,758,13156.29,1.0,0.02916666666666667,0
2025-05-06,clear,759,11639.66,0.9807687500000001,0.03445416666666667,36
2025-05-07,clear,753,13423.13,1.0,0.01875,0
2025-05-08,clear,749,11066.3,1.0,0.012500000000000002,0
2025-05-09,clear,726,12718.4,1.0,0.012500000000000002,0
2025-05-10,clear,678,11712.05,1.0,0.012500000000000002,0
2025-05-11,cloudy,735,12372.9,1.0,0.012500000000000002,0
2025-05-12,clear,759,12083.29,0.9900166666666667,0.018489583333333334,23
2025-05-13,clear,733,13068.23,0.9791666666666666,0.029166666666666664,37
2025-05-14,clear,757,13078.98,0.9791666666666666,0.027083333333333334,37
2025-05-15,clear,745,12441.9,1.0,0.010416666666666666,0
2025-05-16,clear,740,12650.88,1.0,0.008333333333333333,0
2025-05-17,clear,687,11922.17,1.0,0.012500000000000002,0
2025-05-18,clear,660,11998.47,1.0,0.014583333333333335,0
2025-05-19,clear,746,11873.01,1.0,0.016666666666666666,0
2025-05-20,clear,731,11832.58,0.9836312500000001,0.024404166666666668,33
2025-05-21,clear,740,12516.45,0.9791666666666666,0.024999999999999998,42
2025-05-22,clear,711,14274.15,1.0,0.020833333333333332,0
2025-05-23,cloudy,735,12912.8,1.0,0.01875,0
2025-05-24,cloudy,684,12931.86,1.0,0.02291666666666667,0
2025-05-25,clear,633,12122.37,1.0,0.027083333333333334,0
2025-05-26,clear,725,12209.85,1.0,0.025000000000000005,0
2025-05-27,cloudy,739,11515.35,0.9949083333333334,0.01972291666666667,11
2025-05-28,clear,725,11036.18,1.0,0.006250000000000001,0
2025-05-29,clear,712,12404.33,1.0,0.012500000000000002,0
2025-05-30,cloudy,729,11927.57,1.0,0.012500000000000002,0
2025-05-31,clear,720,14344.97,1.0,0.025000000000000005,0
2025-06-01,cloudy,680,12117.35,1.0,0.025000000000000005,0
2025-06-02,clear,707,11215.69,0.9813041666666668,0.025802083333333333,35
2025-06-03,clear,701,11947.9,0.9791666666666666,0.027083333333333334,43
2025-06-04,clear,701,12760.72,0.9791666666666666,0.022916666666666665,40
2025-06-05,cloudy,735,11872.78,1.0,0.006250000000000001,0
2025-06-06,clear,696,13131.26,1.0,0.012500000000000002,0
2025-06-07,clear,617,12042.83,1.0,0.014583333333333335,0
2025-06-08,clear,631,12549.289999999999,1.0,0.016666666666666666,0
2025-06-09,white_wind,795,12364.05,1.0,0.3125,0
2025-06-10,cloudy,693,11484.06,0.9986104166666667,0.013333333333333334,3
2025-06-11,cloudy,708,12163.64,0.9791666666666666,0.02291666666666667,43
2025-06-12,cloudy,715,12640.710000000001,0.9791666666666666,0.024999999999999998,42
2025-06-13,clear,686,11016.37,1.0,0.006250000000000001,0
2025-06-14,cloudy,659,11656.15,1.0,0.004166666666666667,0
2025-06-15,clear,623,12998.0,1.0,0.012500000000000002,0
2025-06-16,clear,677,11359.369999999999,1.0,0.010416666666666666,0
2025-06-17,cloudy,702,11928.45,1.0,0.014583333333333335,0
2025-06-18,clear,672,14827.87,0.99384375,0.030777083333333333,13
2025-06-19,cloudy,689,11831.460000000001,1.0,0.01875,0
2025-06-20,clear,659,11577.88,1.0,0.01875,0
2025-06-21,clear,638,11409.630000000001,1.0,0.016666666666666666,0
2025-06-22,clear,597,12761.95,1.0,0.01875,0
2025-06-23,clear,650,12552.01,1.0,0.01875,0
2025-06-24,clear,634,11743.36,0.9914520833333333,0.017629166666666668,16
2025-06-25,clear,653,11164.25,0.9791666666666666,0.020833333333333332,35
2025-06-26,clear,658,12478.08,1.0,0.008333333333333333,0
2025-06-27,white_wind,758,13416.49,1.0,0.3125,0
2025-06-28,clear,612,12013.38,1.0,0.014583333333333335,0
2025-06-29,cloudy,622,11779.05,1.0,0.012500000000000002,0
2025-06-30,clear,703,12161.44,1.0,0.014583333333333335,0
2025-07-01,clear,645,12755.23,0.9937020833333333,0.0183625,13
2025-07-02,clear,661,12594.460000000001,1.0,0.014583333333333335,0
2025-07-03,cloudy,657,11434.54,1.0,0.010416666666666666,0
2025-07-04,clear,651,12101.91,1.0,0.012500000000000002,0
2025-07-05,cloudy,618,12741.7,1.0,0.012500000000000002,0
2025-07-06,clear,590,11652.73,1.0,0.010416666666666666,0
2025-07-07,cloudy,647,11660.4,1.0,0.012500000000000002,0
2025-07-08,white_wind,725,12312.43,0.9842479166666666,0.3219520833333333,31
2025-07-09,clear,638,12959.24,1.0,0.01875,0
2025-07-10,cloudy,658,11394.08,1.0,0.008333333333333333,0
2025-07-11,cloudy,643,13664.33,1.0,0.01875,0
2025-07-12,clear,573,12131.32,1.0,0.020833333333333332,0
2025-07-13,cloudy,609,11785.98,1.0,0.014583333333333335,0
2025-07-14,clear,610,11916.54,1.0,0.016666666666666666,0
2025-07-15,clear,630,13340.4,1.0,0.014583333333333335,0
2025-07-16,clear,618,12487.789999999999,1.0,0.020833333333333332,0
2025-07-17,clear,617,13342.44,1.0,0.027083333333333334,0
2025-07-18,cloudy,635,12640.29,1.0,0.02291666666666667,0
2025-07-19,clear,551,12678.81,1.0,0.02291666666666667,0
2025-07-20,cloudy,594,11747.7,1.0,0.01875,0
2025-07-21,cloudy,637,11262.74,0.9815895833333333,0.0214625,38
2025-07-22,cloudy,638,11285.18,0.9791666666666666,0.016666666666666666,39
2025-07-23,cloudy,629,12210.93,1.0,0.006250000000000001,0
2025-07-24,white_wind,717,12141.24,1.0,0.3083333333333333,0
2025-07-25,white_wind,703,11484.25,1.0,0.3104166666666667,0
2025-07-26,cloudy,597,11591.16,1.0,0.008333333333333333,0
2025-07-27,clear,571,12996.56,1.0,0.014583333333333335,0
2025-07-28,white_wind,704,11521.17,0.9898250000000001,0.32068749999999996,21
2025-07-29,clear,590,12254.49,0.9791666666666666,0.027083333333333334,30
2025-07-30,white_wind,716,12783.19,0.9791666666666666,0.33125,41
2025-07-31,white_wind,773,12522.26,1.0,0.31666666666666665,0
2025-08-01,white_wind,690,11416.18,1.0,0.3125,0
2025-08-02,cloudy,585,13984.35,1.0,0.020833333333333332,0
2025-08-03,cloudy,580,11989.91,1.0,0.020833333333333332,0
2025-08-04,cloudy,629,12396.77,1.0,0.020833333333333332,0
2025-08-05,cloudy,615,12133.74,0.99761875,0.0222625,4
2025-08-06,white_wind,692,11268.84,0.9791666666666666,0.32708333333333334,41
2025-08-07,white_wind,712,11484.95,1.0,0.3083333333333333,0
2025-08-08,cloudy,635,11050.22,1.0,0.008333333333333333,0
2025-08-09,cloudy,588,14288.39,1.0,0.016666666666666666,0
2025-08-10,white_wind,643,11556.64,1.0,0.31666666666666665,0
2025-08-11,white_wind,692,13103.16,1.0,0.3229166666666667,0
2025-08-12,clear,602,13023.36,1.0,0.027083333333333334,0
2025-08-13,cloudy,643,11439.94,1.0,0.01875,0
2025-08-14,white_wind,696,12860.34,1.0,0.32083333333333336,0
2025-08-15,cloudy,627,11791.7,1.0,0.01875,0
2025-08-16,white_wind,648,11414.63,1.0,0.3145833333333333,0
2025-08-17,white_wind,657,11888.91,1.0,0.3145833333333333,0
2025-08-18,clear,597,12937.48,0.9988729166666667,0.019425,2
2025-08-19,cloudy,641,12859.9,0.9791666666666666,0.035416666666666666,33
2025-08-20,white_wind,683,11837.8,0.9791666666666666,0.3354166666666667,38
2025-08-21,cloudy,624,12266.44,1.0,0.020833333333333332,0
2025-08-22,white_wind,696,13403.17,1.0,0.3229166666666667,0
2025-08-23,white_wind,658,14237.14,1.0,0.32708333333333334,0
2025-08-24,white_wind,633,12228.32,1.0,0.32916666666666666,0
2025-08-25,cloudy,604,11076.45,1.0,0.016666666666666666,0
2025-08-26,white_wind,694,11103.35,0.99710625,0.31006875,5
2025-08-27,white_wind,737,12212.74,0.9791666666666666,0.3229166666666667,42
2025-08-28,cloudy,620,11790.2,1.0,0.008333333333333333,0
2025-08-29,cloudy,629,12132.26,1.0,0.008333333333333333,0
2025-08-30,cloudy,583,12642.92,1.0,0.014583333333333335,0
2025-08-31,cloudy,639,11495.5,1.0,0.014583333333333335,0
2025-09-01,white_wind,695,13178.55,1.0,0.3145833333333333,0
2025-09-02,white_wind,702,12705.18,1.0,0.32083333333333336,0
2025-09-03,cloudy,656,11881.14,0.98214375,0.02738125,36
2025-09-04,white_wind,728,12640.12,0.9791666666666666,0.33125,49
2025-09-05,white_wind,705,11631.35,0.9791666666666666,0.3333333333333333,45
2025-09-06,cloudy,582,11040.45,1.0,0.016666666666666666,0
2025-09-07,cloudy,593,11481.43,1.0,0.014583333333333335,0
2025-09-08,cloudy,643,12965.11,1.0,0.014583333333333335,0
2025-09-09,white_wind,720,11849.16,1.0,0.3125,0
2025-09-10,white_wind,691,14680.85,1.0,0.325,0
2025-09-11,cloudy,643,11444.98,1.0,0.025000000000000005,0
2025-09-12,white_wind,718,13425.63,0.9832437500000001,0.33713750000000003,37
2025-09-13,white_wind,659,11235.07,0.9791666666666666,0.32916666666666666,39
2025-09-14,cloudy,595,11414.09,1.0,0.008333333333333333,0
2025-09-15,cloudy,640,12133.62,1.0,0.010416666666666666,0
2025-09-16,white_wind,716,12236.31,1.0,0.3145833333333333,0
2025-09-17,cloudy,655,12712.25,1.0,0.016666666666666666,0
2025-09-18,white_wind,722,12135.59,1.0,0.31666666666666665,0
2025-09-19,white_wind,717,13191.63,1.0,0.3229166666666667,0
2025-09-20,white_wind,671,12391.79,0.9816458333333333,0.3380958333333333,37
2025-09-21,white_wind,674,11211.11,0.9791666666666666,0.32708333333333334,38
2025-09-22,white_wind,706,11615.9,0.9791666666666666,0.325,34
2025-09-23,cloudy,661,11408.33,1.0,0.008333333333333333,0
2025-09-24,white_wind,747,12113.02,1.0,0.3083333333333333,0
2025-09-25,clear,635,12138.76,1.0,0.012500000000000002,0
2025-09-26,cloudy,659,12837.91,1.0,0.016666666666666666,0
2025-09-27,white_wind,711,12073.75,1.0,0.3145833333333333,0
2025-09-28,white_wind,697,13690.97,1.0,0.3229166666666667,0
2025-09-29,white_wind,714,14206.63,0.9819083333333333,0.33793958333333335,33
2025-09-30,cloudy,755,12249.08,0.9791666666666666,0.0375,47
2025-10-01,cloudy,676,13388.16,1.0,0.025000000000000005,0
2025-10-02,white_wind,737,11008.62,1.0,0.31666666666666665,0
2025-10-03,cloudy,676,11420.13,1.0,0.016666666666666666,0
2025-10-04,white_wind,692,12548.29,1.0,0.32083333333333336,0
2025-10-05,white_wind,691,11926.34,1.0,0.32083333333333336,0
2025-10-06,white_wind,738,11986.29,0.9968291666666667,0.32065208333333334,7
2025-10-07,cloudy,674,12996.57,0.9791666666666666,0.035416666666666666,47
2025-10-08,white_wind,728,12357.48,0.9791666666666666,0.3333333333333333,39
2025-10-09,cloudy,654,12092.26,0.9791666666666666,0.03125,37
2025-10-10,cloudy,691,12103.39,0.9791666666666666,0.024999999999999998,39
2025-10-11,white_wind,707,10997.57,1.0,0.30624999999999997,0
2025-10-12,cloudy,640,10993.01,1.0,0.006250000000000001,0
2025-10-13,white_wind,770,13128.93,1.0,0.3083333333333333,0
2025-10-14,white_wind,766,11008.24,1.0,0.3083333333333333,0
2025-10-15,white_wind,767,14069.65,1.0,0.31666666666666665,0
2025-10-16,cloudy,682,11963.51,0.9945166666666667,0.02412291666666667,10
2025-10-17,cloudy,704,14149.02,0.9791666666666666,0.041666666666666664,43
2025-10-18,white_wind,728,12207.33,1.0,0.31666666666666665,0
2025-10-19,cloudy,668,12823.42,1.0,0.01875,0
2025-10-20,white_wind,768,13031.25,1.0,0.32083333333333336,0
2025-10-21,white_wind,779,13243.76,1.0,0.32708333333333334,0
2025-10-22,cloudy,693,11410.17,1.0,0.027083333333333334,0
2025-10-23,white_wind,799,12545.08,0.9846020833333333,0.33007291666666666,34
2025-10-24,white_wind,822,11632.29,0.9791666666666666,0.3333333333333333,46
2025-10-25,cloudy,689,12807.79,1.0,0.02291666666666667,0
2025-10-26,white_wind,730,13292.17,1.0,0.325,0
2025-10-27,cloudy,702,11899.98,1.0,0.01875,0
2025-10-28,white_wind,787,12576.98,1.0,0.3229166666666667,0
2025-10-29,white_wind,809,11680.96,1.0,0.32083333333333336,0
2025-10-30,white_wind,822,11179.79,0.9878479166666666,0.31979166666666664,28
2025-10-31,white_wind,890,12539.08,1.0,0.3083333333333333,0
2025-11-01,clear,651,11544.19,1.0,0.010416666666666666,0
2025-11-02,white_wind,758,13696.65,1.0,0.31875,0
2025-11-03,cloudy,739,11963.14,1.0,0.020833333333333332,0
2025-11-04,cloudy,723,12818.99,1.0,0.02291666666666667,0
2025-11-05,cloudy,723,12160.26,0.9796291666666667,0.028889583333333333,44
2025-11-06,white_wind,836,13021.29,0.9791666666666666,0.32916666666666666,46
2025-11-07,white_wind,811,13273.02,1.0,0.31875,0
2025-11-08,white_wind,772,12692.77,1.0,0.3229166666666667,0
2025-11-09,white_wind,776,12133.55,1.0,0.3229166666666667,0
2025-11-10,white_wind,838,13738.9,1.0,0.32708333333333334,0
2025-11-11,cloudy,750,11446.38,1.0,0.025000000000000005,0
2025-11-12,white_wind,854,12358.7,0.9849291666666667,0.32779166666666665,34
2025-11-13,cloudy,747,12996.539999999999,0.9791666666666666,0.0375,46
2025-11-14,cloudy,740,11416.13,1.0,0.016666666666666666,0
2025-11-15,cloudy,693,11006.369999999999,1.0,0.012500000000000002,0
2025-11-16,cloudy,706,12525.06,1.0,0.016666666666666666,0
2025-11-17,cloudy,773,13009.09,1.0,0.014583333333333335,0
2025-11-18,clear,737,10996.68,1.0,0.012500000000000002,0
2025-11-19,white_wind,854,12409.35,0.984775,0.3216354166666667,38
2025-11-20,cloudy,759,11196.91,0.9791666666666666,0.024999999999999998,41
2025-11-21,cloudy,762,12896.33,0.9791666666666666,0.024999999999999998,43
2025-11-22,cloudy,725,13229.77,1.0,0.014583333333333335,0
2025-11-23,cloudy,711,12429.01,1.0,0.016666666666666666,0
2025-11-24,cloudy,795,13965.11,1.0,0.02291666666666667,0
2025-11-25,cloudy,791,12234.27,1.0,0.01875,0
2025-11-26,white_wind,897,13209.67,0.9976854166666667,0.3201395833333333,6
2025-11-27,cloudy,766,13179.11,0.9791666666666666,0.0375,47
2025-11-28,cloudy,790,12003.49,0.9791666666666666,0.035416666666666666,48
2025-11-29,white_wind,813,12830.17,1.0,0.32083333333333336,0
2025-11-30,cloudy,811,11468.9,1.0,0.020833333333333332,0
2025-12-01,cloudy,816,14382.27,1.0,0.020833333333333332,0
2025-12-02,cloudy,823,12547.54,1.0,0.02291666666666667,0
2025-12-03,clear,791,12505.75,0.9913520833333332,0.02602291666666667,22
2025-12-04,white_wind,890,12022.79,0.9791666666666666,0.33125,49
2025-12-05,white_wind,894,12097.99,1.0,0.3125,0
2025-12-06,cloudy,717,12226.26,1.0,0.010416666666666666,0
2025-12-07,white_wind,842,15137.13,1.0,0.32083333333333336,0
2025-12-08,cloudy,817,11616.85,1.0,0.020833333333333332,0
2025-12-09,cloudy,811,12055.33,1.0,0.020833333333333332,0
2025-12-10,clear,778,12317.38,0.9841479166666667,0.030343750000000003,35
2025-12-11,cloudy,839,11951.31,0.9791666666666666,0.03125,45
2025-12-12,cloudy,827,13451.73,0.9791666666666666,0.029166666666666664,44
2025-12-13,clear,733,11269.06,0.9791666666666666,0.024999999999999998,42
2025-12-14,white_wind,846,12268.54,1.0,0.3104166666666667,0
2025-12-15,cloudy,832,12333.73,1.0,0.010416666666666666,0
2025-12-16,cloudy,844,13598.26,1.0,0.01875,0
2025-12-17,cloudy,852,12830.34,1.0,0.02291666666666667,0
2025-12-18,cloudy,833,13011.67,0.99053125,0.030681250000000004,20
2025-12-19,cloudy,825,11713.95,0.9791666666666666,0.03125,50
2025-12-20,cloudy,782,11771.73,0.9791666666666666,0.027083333333333334,51
2025-12-21,white_wind,891,11887.38,1.0,0.3125,0
2025-12-22,clear,806,14726.47,1.0,0.020833333333333332,0
2025-12-23,cloudy,848,13461.84,1.0,0.025000000000000005,0
2025-12-24,clear,821,11937.12,1.0,0.02291666666666667,0
2025-12-25,clear,815,12396.81,1.0,0.02291666666666667,0
2025-12-26,cloudy,850,13057.35,0.9828437499999999,0.029043749999999997,42
2025-12-27,clear,746,12041.99,0.9791666666666666,0.029166666666666664,46
2025-12-28,cloudy,781,11683.34,0.9791666666666666,0.02291666666666667,41
2025-12-29,cloudy,864,13891.13,1.0,0.01875,0
2025-12-30,clear,824,12115.61,1.0,0.014583333333333335,0
2025-12-31,clear,918,11948.07,1.0,0.014583333333333335,0
