date,day_of_year,month,year,is_weekend,is_month_end,quarter,temperature_c,wind_speed_kmh,visibility_km,weather_state
2024-01-01,1,1,2024,0,0,1,5.54,23.96,8.02,cloudy
2024-01-02,2,1,2024,0,0,1,10.23,21.32,11.14,cloudy
2024-01-03,3,1,2024,0,0,1,11.39,25.99,5.66,cloudy
2024-01-04,4,1,2024,0,0,1,8.69,18.5,9.46,cloudy
2024-01-05,5,1,2024,0,0,1,9.46,13.01,9.99,cloudy
2024-01-06,6,1,2024,1,0,1,9.88,17.38,6.68,cloudy
2024-01-07,7,1,2024,1,0,1,11.42,16.81,9.51,cloudy
2024-01-08,8,1,2024,0,0,1,9.52,1.59,15.07,clear
2024-01-09,9,1,2024,0,0,1,9.89,13.52,7.34,cloudy
2024-01-10,10,1,2024,0,0,1,8.21,18.6,10.47,cloudy
2024-01-11,11,1,2024,0,0,1,8.24,14.0,12.88,clear
2024-01-12,12,1,2024,0,0,1,12.67,12.49,9.86,cloudy
2024-01-13,13,1,2024,1,0,1,14.35,21.67,7.7,cloudy
2024-01-14,14,1,2024,1,0,1,9.58,10.53,14.94,clear
2024-01-15,15,1,2024,0,0,1,11.53,20.13,8.38,cloudy
2024-01-16,16,1,2024,0,0,1,7.71,7.7,11.52,clear
2024-01-17,17,1,2024,0,0,1,9.77,32.09,1.44,white_wind
2024-01-18,18,1,2024,0,0,1,9.77,14.07,13.88,clear
2024-01-19,19,1,2024,0,0,1,14.79,13.26,11.91,clear
2024-01-20,20,1,2024,1,0,1,11.87,21.89,8.24,cloudy
2024-01-21,21,1,2024,1,0,1,7.67,12.36,12.57,clear
2024-01-22,22,1,2024,0,0,1,5.8,23.44,4.4,cloudy
2024-01-23,23,1,2024,0,0,1,8.72,16.77,8.25,cloudy
2024-01-24,24,1,2024,0,0,1,11.84,13.67,11.91,clear
2024-01-25,25,1,2024,0,0,1,12.3,12.87,13.36,clear
2024-01-26,26,1,2024,0,0,1,13.44,21.31,9.76,cloudy
2024-01-27,27,1,2024,1,0,1,7.06,15.29,8.47,cloudy
2024-01-28,28,1,2024,1,0,1,13.14,16.34,10.78,clear
2024-01-29,29,1,2024,0,0,1,11.86,16.84,12.19,clear
2024-01-30,30,1,2024,0,0,1,13.05,14.24,8.71,cloudy
2024-01-31,31,1,2024,0,1,1,13.59,16.41,13.07,clear
2024-02-01,32,2,2024,0,0,1,17.86,12.43,15.39,clear
2024-02-02,33,2,2024,0,0,1,14.75,12.69,17.43,clear
2024-02-03,34,2,2024,1,0,1,12.38,6.12,15.45,clear
2024-02-04,35,2,2024,1,0,1,13.24,14.48,11.28,clear
2024-02-05,36,2,2024,0,0,1,9.87,2.23,18.7,clear
2024-02-06,37,2,2024,0,0,1,9.69,14.11,12.7,clear
2024-02-07,38,2,2024,0,0,1,7.68,10.58,15.19,clear
2024-02-08,39,2,2024,0,0,1,9.0,14.37,12.54,clear
2024-02-09,40,2,2024,0,0,1,14.06,5.69,14.92,clear
2024-02-10,41,2,2024,1,0,1,10.25,0.87,20.25,clear
2024-02-11,42,2,2024,1,0,1,13.75,9.61,10.84,clear
2024-02-12,43,2,2024,0,0,1,15.87,5.3,15.36,clear
2024-02-13,44,2,2024,0,0,1,13.18,0.77,21.06,clear
2024-02-14,45,2,2024,0,0,1,14.18,15.93,7.29,cloudy
2024-02-15,46,2,2024,0,0,1,10.49,20.8,6.11,cloudy
2024-02-16,47,2,2024,0,0,1,12.48,6.29,16.34,clear
2024-02-17,48,2,2024,1,0,1,16.47,10.49,13.62,clear
2024-02-18,49,2,2024,1,0,1,10.01,8.98,11.59,clear
2024-02-19,50,2,2024,0,0,1,15.23,6.75,13.71,clear
2024-02-20,51,2,2024,0,0,1,17.19,14.57,8.12,cloudy
2024-02-21,52,2,2024,0,0,1,14.04,16.53,11.89,clear
2024-02-22,53,2,2024,0,0,1,8.71,5.15,14.86,clear
2024-02-23,54,2,2024,0,0,1,13.75,10.52,16.68,clear
2024-02-24,55,2,2024,1,0,1,12.75,17.85,9.25,cloudy
2024-02-25,56,2,2024,1,0,1,14.14,14.17,10.43,clear
2024-02-26,57,2,2024,0,0,1,14.82,14.96,9.82,cloudy
2024-02-27,58,2,2024,0,0,1,11.04,18.04,8.44,cloudy
2024-02-28,59,2,2024,0,0,1,10.88,17.87,9.31,cloudy
2024-02-29,60,2,2024,0,1,1,12.62,15.81,15.62,clear
2024-03-01,61,3,2024,0,0,1,10.59,10.42,12.05,clear
2024-03-02,62,3,2024,1,0,1,13.38,7.16,13.75,clear
2024-03-03,63,3,2024,1,0,1,12.71,9.99,13.15,clear
2024-03-04,64,3,2024,0,0,1,19.57,6.08,17.36,clear
2024-03-05,65,3,2024,0,0,1,10.42,2.52,13.62,clear
2024-03-06,66,3,2024,0,0,1,11.02,7.44,15.28,clear
2024-03-07,67,3,2024,0,0,1,14.02,11.19,10.61,clear
2024-03-08,68,3,2024,0,0,1,15.13,5.44,16.5,clear
2024-03-09,69,3,2024,1,0,1,18.65,7.74,13.05,clear
2024-03-10,70,3,2024,1,0,1,16.97,7.9,8.98,cloudy
2024-03-11,71,3,2024,0,0,1,14.95,16.9,10.36,clear
2024-03-12,72,3,2024,0,0,1,13.6,6.54,15.53,clear
2024-03-13,73,3,2024,0,0,1,15.08,16.77,8.34,cloudy
2024-03-14,74,3,2024,0,0,1,11.28,7.7,12.74,clear
2024-03-15,75,3,2024,0,0,1,11.99,16.6,6.81,cloudy
2024-03-16,76,3,2024,1,0,1,9.04,16.25,11.58,clear
2024-03-17,77,3,2024,1,0,1,12.14,13.83,13.03,clear
2024-03-18,78,3,2024,0,0,1,15.08,3.71,14.21,clear
2024-03-19,79,3,2024,0,0,1,12.11,14.43,9.6,cloudy
2024-03-20,80,3,2024,0,0,1,10.65,7.98,13.87,clear
2024-03-21,81,3,2024,0,0,1,11.64,6.94,19.53,clear
2024-03-22,82,3,2024,0,0,1,14.31,15.99,11.2,clear
2024-03-23,83,3,2024,1,0,1,11.81,16.84,7.51,cloudy
2024-03-24,84,3,2024,1,0,1,14.52,3.29,17.03,clear
2024-03-25,85,3,2024,0,0,1,9.06,9.17,10.39,clear
2024-03-26,86,3,2024,0,0,1,10.11,16.42,11.37,clear
2024-03-27,87,3,2024,0,0,1,10.96,15.45,13.96,clear
2024-03-28,88,3,2024,0,0,1,8.89,13.07,15.16,clear
2024-03-29,89,3,2024,0,0,1,19.46,7.85,15.69,clear
2024-03-30,90,3,2024,1,0,1,9.3,12.4,10.52,clear
2024-03-31,91,3,2024,1,1,1,14.26,6.7,11.79,clear
2024-04-01,92,4,2024,0,0,2,10.24,13.98,7.93,cloudy
2024-04-02,93,4,2024,0,0,2,10.55,9.54,7.06,cloudy
2024-04-03,94,4,2024,0,0,2,12.52,7.88,15.59,clear
2024-04-04,95,4,2024,0,0,2,8.04,11.85,11.85,clear
2024-04-05,96,4,2024,0,0,2,9.95,6.98,16.51,clear
2024-04-06,97,4,2024,1,0,2,11.17,7.87,17.21,clear
2024-04-07,98,4,2024,1,0,2,9.34,4.7,15.87,clear
2024-04-08,99,4,2024,0,0,2,9.31,1.59,17.53,clear
2024-04-09,100,4,2024,0,0,2,14.0,11.46,11.25,clear
2024-04-10,101,4,2024,0,0,2,13.71,3.24,15.62,clear
2024-04-11,102,4,2024,0,0,2,10.01,6.9,16.15,clear
2024-04-12,103,4,2024,0,0,2,10.81,9.85,12.69,clear
2024-04-13,104,4,2024,1,0,2,14.02,4.36,15.12,clear
2024-04-14,105,4,2024,1,0,2,7.27,2.98,16.47,clear
2024-04-15,106,4,2024,0,0,2,11.59,6.42,16.74,clear
2024-04-16,107,4,2024,0,0,2,15.58,10.99,10.98,clear
2024-04-17,108,4,2024,0,0,2,15.46,12.76,11.47,clear
2024-04-18,109,4,2024,0,0,2,5.6,1.21,17.94,clear
2024-04-19,110,4,2024,0,0,2,8.44,12.21,14.45,clear
2024-04-20,111,4,2024,1,0,2,10.66,6.97,13.99,clear
2024-04-21,112,4,2024,1,0,2,6.83,3.19,14.83,clear
2024-04-22,113,4,2024,0,0,2,8.36,4.65,14.61,clear
2024-04-23,114,4,2024,0,0,2,9.58,13.41,13.61,clear
2024-04-24,115,4,2024,0,0,2,13.32,10.31,17.32,clear
2024-04-25,116,4,2024,0,0,2,9.59,9.03,10.6,clear
2024-04-26,117,4,2024,0,0,2,10.13,10.25,10.46,clear
2024-04-27,118,4,2024,1,0,2,10.76,14.43,10.41,clear
2024-04-28,119,4,2024,1,0,2,10.72,8.35,14.07,clear
2024-04-29,120,4,2024,0,0,2,9.32,9.33,15.07,clear
2024-04-30,121,4,2024,0,1,2,6.14,15.91,8.08,cloudy
2024-05-01,122,5,2024,0,0,2,10.98,7.17,12.08,clear
2024-05-02,123,5,2024,0,0,2,9.97,12.95,11.83,clear
2024-05-03,124,5,2024,0,0,2,6.03,6.3,14.28,clear
2024-05-04,125,5,2024,1,0,2,6.94,6.92,16.58,clear
2024-05-05,126,5,2024,1,0,2,10.74,8.88,14.63,clear
2024-05-06,127,5,2024,0,0,2,9.91,12.69,12.88,clear
2024-05-07,128,5,2024,0,0,2,6.47,16.85,9.34,cloudy
2024-05-08,129,5,2024,0,0,2,7.47,10.36,18.0,clear
2024-05-09,130,5,2024,0,0,2,7.66,0.89,15.71,clear
2024-05-10,131,5,2024,0,0,2,9.44,13.78,12.46,clear
2024-05-11,132,5,2024,1,0,2,10.89,24.81,2.8,white_wind
2024-05-12,133,5,2024,1,0,2,7.8,10.85,10.21,clear
2024-05-13,134,5,2024,0,0,2,10.43,0.05,16.64,clear
2024-05-14,135,5,2024,0,0,2,9.56,11.43,15.87,clear
2024-05-15,136,5,2024,0,0,2,7.76,10.51,13.32,clear
2024-05-16,137,5,2024,0,0,2,3.5,10.12,11.64,clear
2024-05-17,138,5,2024,0,0,2,4.41,16.44,10.61,clear
2024-05-18,139,5,2024,1,0,2,8.7,19.15,8.5,cloudy
2024-05-19,140,5,2024,1,0,2,2.43,15.11,9.36,cloudy
2024-05-20,141,5,2024,0,0,2,6.87,10.33,9.76,cloudy
2024-05-21,142,5,2024,0,0,2,8.94,18.01,12.16,cloudy
2024-05-22,143,5,2024,0,0,2,6.68,2.42,17.25,clear
2024-05-23,144,5,2024,0,0,2,4.66,7.22,19.17,clear
2024-05-24,145,5,2024,0,0,2,3.91,8.02,16.06,clear
2024-05-25,146,5,2024,1,0,2,7.93,11.59,13.42,clear
2024-05-26,147,5,2024,1,0,2,6.94,14.96,9.56,cloudy
2024-05-27,148,5,2024,0,0,2,4.91,10.85,10.17,clear
2024-05-28,149,5,2024,0,0,2,8.14,6.76,14.14,clear
2024-05-29,150,5,2024,0,0,2,7.48,18.18,6.44,cloudy
2024-05-30,151,5,2024,0,0,2,9.68,11.06,13.9,clear
2024-05-31,152,5,2024,0,1,2,6.49,13.23,14.98,clear
2024-06-01,153,6,2024,1,0,2,4.52,16.07,9.39,cloudy
2024-06-02,154,6,2024,1,0,2,4.44,13.15,13.5,clear
2024-06-03,155,6,2024,0,0,2,-0.18,13.32,9.82,cloudy
2024-06-04,156,6,2024,0,0,2,4.89,19.4,7.64,cloudy
2024-06-05,157,6,2024,0,0,2,4.34,14.27,9.07,cloudy
2024-06-06,158,6,2024,0,0,2,0.92,18.69,3.96,white_wind
2024-06-07,159,6,2024,0,0,2,4.04,16.94,9.45,cloudy
2024-06-08,160,6,2024,1,0,2,7.33,25.93,5.32,cloudy
2024-06-09,161,6,2024,1,0,2,2.0,16.44,12.12,clear
2024-06-10,162,6,2024,0,0,2,1.3,17.97,10.76,clear
2024-06-11,163,6,2024,0,0,2,6.32,20.91,9.32,cloudy
2024-06-12,164,6,2024,0,0,2,5.01,14.84,8.43,cloudy
2024-06-13,165,6,2024,0,0,2,10.94,10.8,13.61,clear
2024-06-14,166,6,2024,0,0,2,-0.14,11.94,15.51,clear
2024-06-15,167,6,2024,1,0,2,4.82,12.16,12.75,clear
2024-06-16,168,6,2024,1,0,2,3.68,9.41,17.32,clear
2024-06-17,169,6,2024,0,0,2,2.91,17.19,13.85,clear
2024-06-18,170,6,2024,0,0,2,4.9,11.67,11.57,clear
2024-06-19,171,6,2024,0,0,2,2.42,16.78,8.08,cloudy
2024-06-20,172,6,2024,0,0,2,-2.48,14.83,8.91,cloudy
2024-06-21,173,6,2024,0,0,2,0.12,15.7,6.81,cloudy
2024-06-22,174,6,2024,1,0,2,5.52,19.45,7.13,cloudy
2024-06-23,175,6,2024,1,0,2,4.91,13.04,14.14,clear
2024-06-24,176,6,2024,0,0,2,0.92,20.29,3.01,white_wind
2024-06-25,177,6,2024,0,0,2,2.98,26.03,2.7,white_wind
2024-06-26,178,6,2024,0,0,2,8.56,18.86,8.29,cloudy
2024-06-27,179,6,2024,0,0,2,1.4,12.28,9.93,cloudy
2024-06-28,180,6,2024,0,0,2,1.32,13.45,10.11,clear
2024-06-29,181,6,2024,1,0,2,1.71,15.82,8.96,cloudy
2024-06-30,182,6,2024,1,1,2,2.63,13.91,10.48,clear
2024-07-01,183,7,2024,0,0,3,0.12,11.71,10.54,clear
2024-07-02,184,7,2024,0,0,3,2.39,18.75,6.84,cloudy
2024-07-03,185,7,2024,0,0,3,-4.11,16.67,11.72,clear
2024-07-04,186,7,2024,0,0,3,1.48,19.31,10.65,cloudy
2024-07-05,187,7,2024,0,0,3,0.65,25.46,2.23,white_wind
2024-07-06,188,7,2024,1,0,3,-0.13,17.1,3.38,white_wind
2024-07-07,189,7,2024,1,0,3,-0.89,11.58,14.55,clear
2024-07-08,190,7,2024,0,0,3,-1.34,16.47,7.06,cloudy
2024-07-09,191,7,2024,0,0,3,-1.96,23.65,6.64,cloudy
2024-07-10,192,7,2024,0,0,3,-5.83,23.26,2.92,white_wind
2024-07-11,193,7,2024,0,0,3,-0.81,22.48,9.61,cloudy
2024-07-12,194,7,2024,0,0,3,2.5,15.79,15.7,clear
2024-07-13,195,7,2024,1,0,3,-1.18,24.22,6.29,cloudy
2024-07-14,196,7,2024,1,0,3,1.14,25.74,4.92,cloudy
2024-07-15,197,7,2024,0,0,3,-3.25,15.88,9.35,cloudy
2024-07-16,198,7,2024,0,0,3,-3.91,19.97,9.74,cloudy
2024-07-17,199,7,2024,0,0,3,-2.62,32.51,2.99,white_wind
2024-07-18,200,7,2024,0,0,3,-3.4,16.11,12.15,clear
2024-07-19,201,7,2024,0,0,3,-3.89,10.49,11.37,clear
2024-07-20,202,7,2024,1,0,3,0.1,29.18,4.16,white_wind
2024-07-21,203,7,2024,1,0,3,3.34,27.87,2.87,white_wind
2024-07-22,204,7,2024,0,0,3,-2.87,18.47,6.44,cloudy
2024-07-23,205,7,2024,0,0,3,-5.51,20.7,7.56,cloudy
2024-07-24,206,7,2024,0,0,3,0.27,14.19,8.88,cloudy
2024-07-25,207,7,2024,0,0,3,-5.04,22.23,9.47,cloudy
2024-07-26,208,7,2024,0,0,3,-4.49,28.85,1.68,white_wind
2024-07-27,209,7,2024,1,0,3,-0.37,18.76,9.42,cloudy
2024-07-28,210,7,2024,1,0,3,-2.1,27.43,2.96,white_wind
2024-07-29,211,7,2024,0,0,3,-3.48,25.11,6.05,cloudy
2024-07-30,212,7,2024,0,0,3,-1.66,25.95,3.87,white_wind
2024-07-31,213,7,2024,0,1,3,-2.93,19.73,5.37,cloudy
2024-08-01,214,8,2024,0,0,3,2.75,20.66,8.73,cloudy
2024-08-02,215,8,2024,0,0,3,-3.73,11.86,11.55,clear
2024-08-03,216,8,2024,1,0,3,-4.39,19.69,8.79,cloudy
2024-08-04,217,8,2024,1,0,3,-3.3,30.22,1.95,white_wind
2024-08-05,218,8,2024,0,0,3,-3.26,17.8,6.18,cloudy
2024-08-06,219,8,2024,0,0,3,-0.8,18.84,10.96,cloudy
2024-08-07,220,8,2024,0,0,3,-7.32,27.51,5.87,white_wind
2024-08-08,221,8,2024,0,0,3,-1.33,26.22,3.64,white_wind
2024-08-09,222,8,2024,0,0,3,-3.8,28.09,4.11,white_wind
2024-08-10,223,8,2024,1,0,3,-0.55,17.11,11.74,clear
2024-08-11,224,8,2024,1,0,3,-2.66,39.6,0.5,white_wind
2024-08-12,225,8,2024,0,0,3,-1.29,17.06,8.81,cloudy
2024-08-13,226,8,2024,0,0,3,-3.61,25.41,5.83,cloudy
2024-08-14,227,8,2024,0,0,3,-1.57,23.66,5.16,cloudy
2024-08-15,228,8,2024,0,0,3,1.45,17.62,11.07,clear
2024-08-16,229,8,2024,0,0,3,-4.59,22.65,6.3,cloudy
2024-08-17,230,8,2024,1,0,3,-3.04,25.13,3.71,white_wind
2024-08-18,231,8,2024,1,0,3,-4.02,21.22,8.73,cloudy
2024-08-19,232,8,2024,0,0,3,1.15,30.86,0.5,white_wind
2024-08-20,233,8,2024,0,0,3,-3.95,24.38,10.24,cloudy
2024-08-21,234,8,2024,0,0,3,-4.72,17.42,12.77,clear
2024-08-22,235,8,2024,0,0,3,-4.36,17.03,10.62,clear
2024-08-23,236,8,2024,0,0,3,-3.27,29.33,4.28,white_wind
2024-08-24,237,8,2024,1,0,3,-4.93,16.88,10.4,clear
2024-08-25,238,8,2024,1,0,3,-3.88,27.81,3.02,white_wind
2024-08-26,239,8,2024,0,0,3,-2.58,28.68,4.31,white_wind
2024-08-27,240,8,2024,0,0,3,-3.27,20.14,5.9,cloudy
2024-08-28,241,8,2024,0,0,3,-0.91,31.56,3.33,white_wind
2024-08-29,242,8,2024,0,0,3,-3.79,16.0,11.91,clear
2024-08-30,243,8,2024,0,0,3,-3.51,28.18,3.08,white_wind
2024-08-31,244,8,2024,1,1,3,-2.32,26.25,3.56,white_wind
2024-09-01,245,9,2024,1,0,3,2.61,25.87,2.4,white_wind
2024-09-02,246,9,2024,0,0,3,-4.96,19.61,11.4,cloudy
2024-09-03,247,9,2024,0,0,3,1.82,21.14,6.3,cloudy
2024-09-04,248,9,2024,0,0,3,-5.94,36.55,0.5,white_wind
2024-09-05,249,9,2024,0,0,3,-2.39,34.21,1.55,white_wind
2024-09-06,250,9,2024,0,0,3,-3.8,31.45,2.9,white_wind
2024-09-07,251,9,2024,1,0,3,-4.98,32.71,3.29,white_wind
2024-09-08,252,9,2024,1,0,3,-1.17,32.22,1.06,white_wind
2024-09-09,253,9,2024,0,0,3,-1.4,25.27,2.86,white_wind
2024-09-10,254,9,2024,0,0,3,-4.08,27.56,1.33,white_wind
2024-09-11,255,9,2024,0,0,3,-8.08,18.5,7.47,cloudy
2024-09-12,256,9,2024,0,0,3,-3.87,26.86,2.48,white_wind
2024-09-13,257,9,2024,0,0,3,-2.44,34.56,0.5,white_wind
2024-09-14,258,9,2024,1,0,3,-2.76,23.55,9.1,cloudy
2024-09-15,259,9,2024,1,0,3,-0.84,33.7,0.5,white_wind
2024-09-16,260,9,2024,0,0,3,2.14,28.16,3.09,white_wind
2024-09-17,261,9,2024,0,0,3,-1.62,19.35,8.29,cloudy
2024-09-18,262,9,2024,0,0,3,-1.19,21.06,6.58,cloudy
2024-09-19,263,9,2024,0,0,3,-2.19,33.26,1.22,white_wind
2024-09-20,264,9,2024,0,0,3,0.41,31.09,3.64,white_wind
2024-09-21,265,9,2024,1,0,3,-1.14,28.42,5.73,white_wind
2024-09-22,266,9,2024,1,0,3,-0.55,26.2,7.11,white_wind
2024-09-23,267,9,2024,0,0,3,2.15,29.14,7.96,white_wind
2024-09-24,268,9,2024,0,0,3,-1.75,33.18,2.66,white_wind
2024-09-25,269,9,2024,0,0,3,-2.93,36.78,4.53,white_wind
2024-09-26,270,9,2024,0,0,3,-1.08,37.08,0.5,white_wind
2024-09-27,271,9,2024,0,0,3,0.7,30.19,7.51,white_wind
2024-09-28,272,9,2024,1,0,3,-0.82,26.94,3.69,white_wind
2024-09-29,273,9,2024,1,0,3,0.64,28.86,2.95,white_wind
2024-09-30,274,9,2024,0,1,3,-3.61,31.13,2.17,white_wind
2024-10-01,275,10,2024,0,0,4,-4.04,31.11,1.97,white_wind
2024-10-02,276,10,2024,0,0,4,-3.16,35.85,0.5,white_wind
2024-10-03,277,10,2024,0,0,4,-4.89,40.69,0.5,white_wind
2024-10-04,278,10,2024,0,0,4,-1.37,26.76,6.44,white_wind
2024-10-05,279,10,2024,1,0,4,-2.65,40.92,0.5,white_wind
2024-10-06,280,10,2024,1,0,4,1.58,35.01,1.94,white_wind
2024-10-07,281,10,2024,0,0,4,-4.64,27.36,7.68,white_wind
2024-10-08,282,10,2024,0,0,4,2.56,36.94,0.5,white_wind
2024-10-09,283,10,2024,0,0,4,-3.7,38.05,0.72,white_wind
2024-10-10,284,10,2024,0,0,4,-4.25,25.15,6.66,cloudy
2024-10-11,285,10,2024,0,0,4,-3.13,38.28,3.82,white_wind
2024-10-12,286,10,2024,1,0,4,3.9,34.31,0.5,white_wind
2024-10-13,287,10,2024,1,0,4,-0.98,42.04,0.5,white_wind
2024-10-14,288,10,2024,0,0,4,0.53,25.25,1.8,white_wind
2024-10-15,289,10,2024,0,0,4,-1.15,25.64,4.09,cloudy
2024-10-16,290,10,2024,0,0,4,-0.82,15.56,11.0,clear
2024-10-17,291,10,2024,0,0,4,-1.76,31.11,5.51,white_wind
2024-10-18,292,10,2024,0,0,4,-0.27,29.89,0.5,white_wind
2024-10-19,293,10,2024,1,0,4,0.94,24.21,7.62,cloudy
2024-10-20,294,10,2024,1,0,4,4.01,27.05,4.34,white_wind
2024-10-21,295,10,2024,0,0,4,-4.77,19.62,4.84,cloudy
2024-10-22,296,10,2024,0,0,4,4.05,34.62,1.09,white_wind
2024-10-23,297,10,2024,0,0,4,1.45,24.43,9.54,cloudy
2024-10-24,298,10,2024,0,0,4,-0.68,45.87,0.5,white_wind
2024-10-25,299,10,2024,0,0,4,-1.02,26.19,4.66,white_wind
2024-10-26,300,10,2024,1,0,4,3.08,22.62,4.52,cloudy
2024-10-27,301,10,2024,1,0,4,1.15,24.63,4.65,cloudy
2024-10-28,302,10,2024,0,0,4,-3.14,18.56,11.87,cloudy
2024-10-29,303,10,2024,0,0,4,1.72,29.85,2.48,white_wind
2024-10-30,304,10,2024,0,0,4,3.79,24.36,8.9,cloudy
2024-10-31,305,10,2024,0,1,4,3.19,33.59,3.65,white_wind
2024-11-01,306,11,2024,0,0,4,-0.4,25.07,4.67,cloudy
2024-11-02,307,11,2024,1,0,4,-2.06,34.94,0.5,white_wind
2024-11-03,308,11,2024,1,0,4,0.6,31.09,0.5,white_wind
2024-11-04,309,11,2024,0,0,4,9.67,26.62,2.64,white_wind
2024-11-05,310,11,2024,0,0,4,-2.2,35.84,0.86,white_wind
2024-11-06,311,11,2024,0,0,4,-0.32,31.98,1.97,white_wind
2024-11-07,312,11,2024,0,0,4,2.89,43.84,0.5,white_wind
2024-11-08,313,11,2024,0,0,4,1.73,23.61,2.79,white_wind
2024-11-09,314,11,2024,1,0,4,1.67,26.42,5.02,white_wind
2024-11-10,315,11,2024,1,0,4,7.36,35.27,0.5,white_wind
2024-11-11,316,11,2024,0,0,4,0.3,16.49,9.33,cloudy
2024-11-12,317,11,2024,0,0,4,2.52,33.54,1.9,white_wind
2024-11-13,318,11,2024,0,0,4,3.2,28.16,0.5,white_wind
2024-11-14,319,11,2024,0,0,4,0.81,20.08,4.59,cloudy
2024-11-15,320,11,2024,0,0,4,-0.64,17.12,14.49,clear
2024-11-16,321,11,2024,1,0,4,3.76,21.14,6.31,cloudy
2024-11-17,322,11,2024,1,0,4,7.76,11.35,6.79,cloudy
2024-11-18,323,11,2024,0,0,4,4.37,22.0,3.81,white_wind
2024-11-19,324,11,2024,0,0,4,3.72,28.54,9.19,white_wind
2024-11-20,325,11,2024,0,0,4,3.84,21.82,5.54,cloudy
2024-11-21,326,11,2024,0,0,4,3.12,32.88,4.11,white_wind
2024-11-22,327,11,2024,0,0,4,6.86,34.38,1.08,white_wind
2024-11-23,328,11,2024,1,0,4,2.77,31.94,0.96,white_wind
2024-11-24,329,11,2024,1,0,4,0.78,25.54,6.94,cloudy
2024-11-25,330,11,2024,0,0,4,0.36,10.07,7.72,cloudy
2024-11-26,331,11,2024,0,0,4,4.65,19.66,5.0,cloudy
2024-11-27,332,11,2024,0,0,4,7.24,22.89,5.47,cloudy
2024-11-28,333,11,2024,0,0,4,5.32,18.23,5.93,cloudy
2024-11-29,334,11,2024,0,0,4,4.07,22.62,5.41,cloudy
2024-11-30,335,11,2024,1,1,4,6.15,32.97,3.39,white_wind
2024-12-01,336,12,2024,1,0,4,5.6,13.29,11.65,clear
2024-12-02,337,12,2024,0,0,4,7.34,33.88,3.99,white_wind
2024-12-03,338,12,2024,0,0,4,8.73,28.17,4.34,white_wind
2024-12-04,339,12,2024,0,0,4,3.16,24.32,8.02,cloudy
2024-12-05,340,12,2024,0,0,4,-0.16,18.28,8.72,cloudy
2024-12-06,341,12,2024,0,0,4,4.95,17.16,8.12,cloudy
2024-12-07,342,12,2024,1,0,4,3.41,12.49,15.01,clear
2024-12-08,343,12,2024,1,0,4,8.18,32.39,0.5,white_wind
2024-12-09,344,12,2024,0,0,4,4.42,31.16,3.18,white_wind
2024-12-10,345,12,2024,0,0,4,1.68,13.34,13.02,clear
2024-12-11,346,12,2024,0,0,4,5.07,18.3,10.7,cloudy
2024-12-12,347,12,2024,0,0,4,2.91,24.05,3.41,white_wind
2024-12-13,348,12,2024,0,0,4,10.75,19.5,10.57,cloudy
2024-12-14,349,12,2024,1,0,4,8.09,9.62,11.04,clear
2024-12-15,350,12,2024,1,0,4,8.66,17.02,11.27,clear
2024-12-16,351,12,2024,0,0,4,8.52,32.51,2.92,white_wind
2024-12-17,352,12,2024,0,0,4,9.41,17.1,11.25,clear
2024-12-18,353,12,2024,0,0,4,10.27,19.49,5.6,cloudy
2024-12-19,354,12,2024,0,0,4,6.22,13.43,12.58,clear
2024-12-20,355,12,2024,0,0,4,4.15,23.66,8.56,cloudy
2024-12-21,356,12,2024,1,0,4,5.71,20.66,8.1,cloudy
2024-12-22,357,12,2024,1,0,4,7.84,15.35,8.53,cloudy
2024-12-23,358,12,2024,0,0,4,1.67,11.8,14.12,clear
2024-12-24,359,12,2024,0,0,4,11.07,27.89,4.31,white_wind
2024-12-25,360,12,2024,0,0,4,3.6,9.65,9.49,cloudy
2024-12-26,361,12,2024,0,0,4,9.96,22.14,4.96,cloudy
2024-12-27,362,12,2024,0,0,4,8.17,6.02,13.83,clear
2024-12-28,363,12,2024,1,0,4,9.42,23.02,9.8,cloudy
2024-12-29,364,12,2024,1,0,4,7.65,24.42,8.71,cloudy
2024-12-30,365,12,2024,0,0,4,9.49,25.0,8.42,cloudy
2024-12-31,366,12,2024,0,1,4,7.89,17.29,9.87,cloudy
2025-01-01,1,1,2025,0,0,1,7.68,27.76,6.13,white_wind
2025-01-02,2,1,2025,0,0,1,6.94,31.93,0.5,white_wind
2025-01-03,3,1,2025,0,0,1,13.12,15.98,10.02,clear
2025-01-04,4,1,2025,1,0,1,10.34,15.04,11.48,clear
2025-01-05,5,1,2025,1,0,1,10.06,18.46,6.4,cloudy
2025-01-06,6,1,2025,0,0,1,7.46,14.53,11.2,clear
2025-01-07,7,1,2025,0,0,1,9.17,13.48,14.97,clear
2025-01-08,8,1,2025,0,0,1,7.4,13.83,12.31,clear
2025-01-09,9,1,2025,0,0,1,8.75,27.18,6.43,white_wind
2025-01-10,10,1,2025,0,0,1,7.06,21.34,1.93,white_wind
2025-01-11,11,1,2025,1,0,1,14.16,13.66,14.6,clear
2025-01-12,12,1,2025,1,0,1,8.4,1.64,16.77,clear
2025-01-13,13,1,2025,0,0,1,8.21,6.94,12.84,clear
2025-01-14,14,1,2025,0,0,1,7.18,19.05,8.09,cloudy
2025-01-15,15,1,2025,0,0,1,8.67,3.14,13.17,clear
2025-01-16,16,1,2025,0,0,1,9.46,17.45,11.58,clear
2025-01-17,17,1,2025,0,0,1,10.67,9.14,12.69,clear
2025-01-18,18,1,2025,1,0,1,9.27,15.91,8.42,cloudy
2025-01-19,19,1,2025,1,0,1,6.97,15.58,9.84,cloudy
2025-01-20,20,1,2025,0,0,1,7.28,15.76,12.58,clear
2025-01-21,21,1,2025,0,0,1,12.85,12.5,12.04,clear
2025-01-22,22,1,2025,0,0,1,10.94,12.14,8.83,cloudy
2025-01-23,23,1,2025,0,0,1,12.95,10.22,13.91,clear
2025-01-24,24,1,2025,0,0,1,13.36,17.29,7.31,cloudy
2025-01-25,25,1,2025,1,0,1,11.87,19.05,3.73,white_wind
2025-01-26,26,1,2025,1,0,1,8.49,6.75,17.92,clear
2025-01-27,27,1,2025,0,0,1,12.12,13.6,12.21,clear
2025-01-28,28,1,2025,0,0,1,15.22,14.93,10.36,clear
2025-01-29,29,1,2025,0,0,1,10.68,14.7,9.89,cloudy
2025-01-30,30,1,2025,0,0,1,12.72,14.44,13.85,clear
2025-01-31,31,1,2025,0,1,1,11.91,10.88,19.35,clear
2025-02-01,32,2,2025,1,0,1,15.44,14.81,11.58,clear
2025-02-02,33,2,2025,1,0,1,10.38,16.7,7.39,cloudy
2025-02-03,34,2,2025,0,0,1,15.02,13.69,10.82,clear
2025-02-04,35,2,2025,0,0,1,11.26,15.73,11.08,clear
2025-02-05,36,2,2025,0,0,1,10.52,18.49,3.59,white_wind
2025-02-06,37,2,2025,0,0,1,12.59,1.3,18.09,clear
2025-02-07,38,2,2025,0,0,1,13.22,17.92,10.0,cloudy
2025-02-08,39,2,2025,1,0,1,17.2,14.18,13.83,clear
2025-02-09,40,2,2025,1,0,1,13.27,5.31,18.03,clear
2025-02-10,41,2,2025,0,0,1,13.0,16.66,9.91,cloudy
2025-02-11,42,2,2025,0,0,1,16.56,9.32,16.67,clear
2025-02-12,43,2,2025,0,0,1,14.11,10.01,17.47,clear
2025-02-13,44,2,2025,0,0,1,11.04,8.4,13.86,clear
2025-02-14,45,2,2025,0,0,1,16.08,13.13,12.35,clear
2025-02-15,46,2,2025,1,0,1,10.88,6.48,10.87,clear
2025-02-16,47,2,2025,1,0,1,11.14,16.48,6.57,cloudy
2025-02-17,48,2,2025,0,0,1,10.67,10.11,11.1,clear
2025-02-18,49,2,2025,0,0,1,10.48,8.64,12.71,clear
2025-02-19,50,2,2025,0,0,1,13.68,15.22,7.98,cloudy
2025-02-20,51,2,2025,0,0,1,12.23,8.67,13.59,clear
2025-02-21,52,2,2025,0,0,1,4.2,16.16,9.01,cloudy
2025-02-22,53,2,2025,1,0,1,12.25,16.24,12.24,clear
2025-02-23,54,2,2025,1,0,1,11.64,2.24,15.83,clear
2025-02-24,55,2,2025,0,0,1,15.19,16.8,4.57,cloudy
2025-02-25,56,2,2025,0,0,1,11.56,1.27,17.64,clear
2025-02-26,57,2,2025,0,0,1,19.33,16.96,9.49,cloudy
2025-02-27,58,2,2025,0,0,1,16.48,22.0,5.1,cloudy
2025-02-28,59,2,2025,0,1,1,12.02,14.99,10.72,clear
2025-03-01,60,3,2025,1,0,1,15.87,3.3,13.98,clear
2025-03-02,61,3,2025,1,0,1,14.31,15.93,10.76,clear
2025-03-03,62,3,2025,0,0,1,13.58,22.93,12.33,cloudy
2025-03-04,63,3,2025,0,0,1,15.0,7.55,10.25,clear
2025-03-05,64,3,2025,0,0,1,13.13,9.07,12.33,clear
2025-03-06,65,3,2025,0,0,1,13.58,2.07,15.48,clear
2025-03-07,66,3,2025,0,0,1,15.03,10.99,11.55,clear
2025-03-08,67,3,2025,1,0,1,18.09,16.66,11.92,clear
2025-03-09,68,3,2025,1,0,1,13.57,13.15,12.62,clear
2025-03-10,69,3,2025,0,0,1,11.79,27.75,5.99,white_wind
2025-03-11,70,3,2025,0,0,1,7.84,9.02,13.56,clear
2025-03-12,71,3,2025,0,0,1,17.79,1.03,14.58,clear
2025-03-13,72,3,2025,0,0,1,12.21,9.72,10.69,clear
2025-03-14,73,3,2025,0,0,1,14.17,5.87,16.71,clear
2025-03-15,74,3,2025,1,0,1,17.57,5.37,15.69,clear
2025-03-16,75,3,2025,1,0,1,13.35,18.26,11.64,cloudy
2025-03-17,76,3,2025,0,0,1,12.26,10.41,13.44,clear
2025-03-18,77,3,2025,0,0,1,16.26,9.49,10.65,clear
2025-03-19,78,3,2025,0,0,1,13.82,19.29,7.21,cloudy
2025-03-20,79,3,2025,0,0,1,14.09,6.7,15.89,clear
2025-03-21,80,3,2025,0,0,1,8.78,15.85,11.64,clear
2025-03-22,81,3,2025,1,0,1,15.56,9.02,15.37,clear
2025-03-23,82,3,2025,1,0,1,13.43,10.48,10.45,clear
2025-03-24,83,3,2025,0,0,1,9.02,0.87,14.92,clear
2025-03-25,84,3,2025,0,0,1,13.61,5.25,14.96,clear
2025-03-26,85,3,2025,0,0,1,7.18,0.27,21.03,clear
2025-03-27,86,3,2025,0,0,1,18.14,7.52,12.71,clear
2025-03-28,87,3,2025,0,0,1,9.47,10.41,13.8,clear
2025-03-29,88,3,2025,1,0,1,16.2,1.39,18.31,clear
2025-03-30,89,3,2025,1,0,1,10.07,20.33,9.51,cloudy
2025-03-31,90,3,2025,0,1,1,13.44,9.69,16.82,clear
2025-04-01,91,4,2025,0,0,2,9.69,8.36,17.26,clear
2025-04-02,92,4,2025,0,0,2,14.4,12.62,10.38,clear
2025-04-03,93,4,2025,0,0,2,11.25,3.03,11.87,clear
2025-04-04,94,4,2025,0,0,2,12.93,8.98,12.02,clear
2025-04-05,95,4,2025,1,0,2,11.73,3.7,16.32,clear
2025-04-06,96,4,2025,1,0,2,8.2,17.36,8.52,cloudy
2025-04-07,97,4,2025,0,0,2,12.79,1.66,21.5,clear
2025-04-08,98,4,2025,0,0,2,10.19,8.41,13.84,clear
2025-04-09,99,4,2025,0,0,2,13.98,10.02,14.43,clear
2025-04-10,100,4,2025,0,0,2,10.7,10.43,13.26,clear
2025-04-11,101,4,2025,0,0,2,11.01,4.59,14.94,clear
2025-04-12,102,4,2025,1,0,2,15.32,2.73,12.4,clear
2025-04-13,103,4,2025,1,0,2,16.98,4.73,15.46,clear
2025-04-14,104,4,2025,0,0,2,12.89,11.33,19.5,clear
2025-04-15,105,4,2025,0,0,2,10.12,7.32,11.6,clear
2025-04-16,106,4,2025,0,0,2,9.8,13.0,7.51,cloudy
2025-04-17,107,4,2025,0,0,2,8.6,11.12,16.7,clear
2025-04-18,108,4,2025,0,0,2,8.98,5.36,16.95,clear
2025-04-19,109,4,2025,1,0,2,9.76,9.83,13.5,clear
2025-04-20,110,4,2025,1,0,2,15.26,21.89,10.05,cloudy
2025-04-21,111,4,2025,0,0,2,9.75,16.39,7.98,cloudy
2025-04-22,112,4,2025,0,0,2,7.07,11.02,12.25,clear
2025-04-23,113,4,2025,0,0,2,10.13,2.19,19.01,clear
2025-04-24,114,4,2025,0,0,2,10.37,11.47,16.91,clear
2025-04-25,115,4,2025,0,0,2,9.9,13.1,8.88,cloudy
2025-04-26,116,4,2025,1,0,2,11.7,7.2,17.22,clear
2025-04-27,117,4,2025,1,0,2,9.76,10.69,13.49,clear
2025-04-28,118,4,2025,0,0,2,11.4,17.92,9.4,cloudy
2025-04-29,119,4,2025,0,0,2,7.41,3.79,16.09,clear
2025-04-30,120,4,2025,0,1,2,13.7,2.65,13.63,clear
2025-05-01,121,5,2025,0,0,2,9.76,13.24,13.5,clear
2025-05-02,122,5,2025,0,0,2,10.01,11.9,10.33,clear
2025-05-03,123,5,2025,1,0,2,6.93,15.41,7.92,cloudy
2025-05-04,124,5,2025,1,0,2,9.95,12.74,13.58,clear
2025-05-05,125,5,2025,0,0,2,10.27,6.01,16.73,clear
2025-05-06,126,5,2025,0,0,2,5.6,12.09,12.13,clear
2025-05-07,127,5,2025,0,0,2,4.25,2.74,19.0,clear
2025-05-08,128,5,2025,0,0,2,9.01,8.19,17.04,clear
2025-05-09,129,5,2025,0,0,2,6.93,12.8,14.48,clear
2025-05-10,130,5,2025,1,0,2,8.67,7.72,12.98,clear
2025-05-11,131,5,2025,1,0,2,4.67,24.79,7.83,cloudy
2025-05-12,132,5,2025,0,0,2,3.86,1.26,17.83,clear
2025-05-13,133,5,2025,0,0,2,8.15,6.91,18.34,clear
2025-05-14,134,5,2025,0,0,2,6.63,4.68,15.39,clear
2025-05-15,135,5,2025,0,0,2,2.1,6.21,14.11,clear
2025-05-16,136,5,2025,0,0,2,10.6,6.67,13.31,clear
2025-05-17,137,5,2025,1,0,2,3.84,2.69,17.07,clear
2025-05-18,138,5,2025,1,0,2,13.41,15.28,11.39,clear
2025-05-19,139,5,2025,0,0,2,5.28,7.6,15.27,clear
2025-05-20,140,5,2025,0,0,2,7.71,11.99,12.77,clear
2025-05-21,141,5,2025,0,0,2,10.69,8.52,15.22,clear
2025-05-22,142,5,2025,0,0,2,10.14,7.11,13.96,clear
2025-05-23,143,5,2025,0,0,2,11.27,21.42,5.37,cloudy
2025-05-24,144,5,2025,1,0,2,2.36,17.05,7.36,cloudy
2025-05-25,145,5,2025,1,0,2,3.19,0.44,19.93,clear
2025-05-26,146,5,2025,0,0,2,6.46,0.07,19.0,clear
2025-05-27,147,5,2025,0,0,2,7.86,18.17,4.83,cloudy
2025-05-28,148,5,2025,0,0,2,5.59,8.93,15.95,clear
2025-05-29,149,5,2025,0,0,2,1.39,2.3,20.99,clear
2025-05-30,150,5,2025,0,0,2,6.59,18.61,7.12,cloudy
2025-05-31,151,5,2025,1,1,2,4.72,13.49,11.99,clear
2025-06-01,152,6,2025,1,0,2,4.55,14.13,9.89,cloudy
2025-06-02,153,6,2025,0,0,2,-0.76,17.62,10.57,clear
2025-06-03,154,6,2025,0,0,2,6.79,5.05,12.91,clear
2025-06-04,155,6,2025,0,0,2,5.02,3.27,16.21,clear
2025-06-05,156,6,2025,0,0,2,9.01,22.7,8.81,cloudy
2025-06-06,157,6,2025,0,0,2,4.19,4.74,18.35,clear
2025-06-07,158,6,2025,1,0,2,5.66,6.18,15.85,clear
2025-06-08,159,6,2025,1,0,2,6.19,7.54,13.49,clear
2025-06-09,160,6,2025,0,0,2,-0.4,26.31,1.34,white_wind
2025-06-10,161,6,2025,0,0,2,10.38,16.95,7.86,cloudy
2025-06-11,162,6,2025,0,0,2,2.62,19.94,7.0,cloudy
2025-06-12,163,6,2025,0,0,2,4.8,15.48,8.73,cloudy
2025-06-13,164,6,2025,0,0,2,5.03,10.85,12.71,clear
2025-06-14,165,6,2025,1,0,2,1.25,18.41,8.04,cloudy
2025-06-15,166,6,2025,1,0,2,7.78,5.45,15.65,clear
2025-06-16,167,6,2025,0,0,2,3.69,8.38,16.46,clear
2025-06-17,168,6,2025,0,0,2,2.36,19.51,7.35,cloudy
2025-06-18,169,6,2025,0,0,2,3.1,7.14,11.39,clear
2025-06-19,170,6,2025,0,0,2,4.54,14.31,9.3,cloudy
2025-06-20,171,6,2025,0,0,2,2.52,14.75,11.91,clear
2025-06-21,172,6,2025,1,0,2,4.57,12.61,13.19,clear
2025-06-22,173,6,2025,1,0,2,-1.98,4.24,16.77,clear
2025-06-23,174,6,2025,0,0,2,0.24,12.34,14.69,clear
2025-06-24,175,6,2025,0,0,2,-3.37,11.34,11.92,clear
2025-06-25,176,6,2025,0,0,2,6.84,17.43,13.8,clear
2025-06-26,177,6,2025,0,0,2,6.69,17.29,11.15,clear
2025-06-27,178,6,2025,0,0,2,3.17,19.07,2.92,white_wind
2025-06-28,179,6,2025,1,0,2,-1.06,12.91,15.5,clear
2025-06-29,180,6,2025,1,0,2,7.33,20.28,6.17,cloudy
2025-06-30,181,6,2025,0,1,2,-0.28,7.98,11.74,clear
2025-07-01,182,7,2025,0,0,3,0.58,6.55,15.88,clear
2025-07-02,183,7,2025,0,0,3,1.39,3.64,12.35,clear
2025-07-03,184,7,2025,0,0,3,2.0,14.83,9.05,cloudy
2025-07-04,185,7,2025,0,0,3,2.36,13.48,14.69,clear
2025-07-05,186,7,2025,1,0,3,2.35,22.91,7.77,cloudy
2025-07-06,187,7,2025,1,0,3,0.16,14.45,12.56,clear
2025-07-07,188,7,2025,0,0,3,2.08,20.16,6.48,cloudy
2025-07-08,189,7,2025,0,0,3,-0.18,23.57,2.83,white_wind
2025-07-09,190,7,2025,0,0,3,1.64,14.74,12.18,clear
2025-07-10,191,7,2025,0,0,3,1.32,20.82,9.64,cloudy
2025-07-11,192,7,2025,0,0,3,1.88,25.21,7.34,cloudy
2025-07-12,193,7,2025,1,0,3,1.46,11.94,12.49,clear
2025-07-13,194,7,2025,1,0,3,-1.35,19.69,6.03,cloudy
2025-07-14,195,7,2025,0,0,3,0.8,15.62,15.55,clear
2025-07-15,196,7,2025,0,0,3,1.19,12.84,12.64,clear
2025-07-16,197,7,2025,0,0,3,-3.77,10.83,12.2,clear
2025-07-17,198,7,2025,0,0,3,-1.33,13.08,11.09,clear
2025-07-18,199,7,2025,0,0,3,0.78,20.75,7.96,cloudy
2025-07-19,200,7,2025,1,0,3,3.44,10.89,14.91,clear
2025-07-20,201,7,2025,1,0,3,1.13,17.42,9.71,cloudy
2025-07-21,202,7,2025,0,0,3,3.41,25.76,7.01,cloudy
2025-07-22,203,7,2025,0,0,3,-2.11,23.74,6.46,cloudy
2025-07-23,204,7,2025,0,0,3,-0.57,18.03,8.74,cloudy
2025-07-24,205,7,2025,0,0,3,0.73,31.51,3.65,white_wind
2025-07-25,206,7,2025,0,0,3,-7.19,32.89,2.88,white_wind
2025-07-26,207,7,2025,1,0,3,2.33,21.85,6.7,cloudy
2025-07-27,208,7,2025,1,0,3,-6.18,7.05,12.83,clear
2025-07-28,209,7,2025,0,0,3,0.88,27.33,5.09,white_wind
2025-07-29,210,7,2025,0,0,3,0.03,8.41,13.97,clear
2025-07-30,211,7,2025,0,0,3,-7.61,31.18,1.19,white_wind
2025-07-31,212,7,2025,0,1,3,-7.56,28.98,1.65,white_wind
2025-08-01,213,8,2025,0,0,3,1.68,33.28,2.26,white_wind
2025-08-02,214,8,2025,1,0,3,1.06,24.35,7.04,cloudy
2025-08-03,215,8,2025,1,0,3,-4.24,20.77,6.82,cloudy
2025-08-04,216,8,2025,0,0,3,-4.31,20.39,6.53,cloudy
2025-08-05,217,8,2025,0,0,3,-0.89,19.96,6.2,cloudy
2025-08-06,218,8,2025,0,0,3,-2.26,29.27,4.21,white_wind
2025-08-07,219,8,2025,0,0,3,0.35,27.8,2.33,white_wind
2025-08-08,220,8,2025,0,0,3,-1.14,24.39,10.74,cloudy
2025-08-09,221,8,2025,1,0,3,1.56,19.47,7.36,cloudy
2025-08-10,222,8,2025,1,0,3,-0.02,39.72,0.5,white_wind
2025-08-11,223,8,2025,0,0,3,-0.69,29.56,3.15,white_wind
2025-08-12,224,8,2025,0,0,3,-3.42,14.63,10.52,clear
2025-08-13,225,8,2025,0,0,3,-3.65,21.26,9.82,cloudy
2025-08-14,226,8,2025,0,0,3,-2.76,30.08,3.6,white_wind
2025-08-15,227,8,2025,0,0,3,1.93,19.82,6.26,cloudy
2025-08-16,228,8,2025,1,0,3,-3.72,26.85,3.94,white_wind
2025-08-17,229,8,2025,1,0,3,-2.09,30.58,3.43,white_wind
2025-08-18,230,8,2025,0,0,3,-8.39,4.66,10.91,clear
2025-08-19,231,8,2025,0,0,3,-1.12,24.47,8.71,cloudy
2025-08-20,232,8,2025,0,0,3,2.81,24.82,3.76,white_wind
2025-08-21,233,8,2025,0,0,3,-5.2,22.88,9.68,cloudy
2025-08-22,234,8,2025,0,0,3,5.05,27.28,5.22,white_wind
2025-08-23,235,8,2025,1,0,3,-2.45,29.53,4.62,white_wind
2025-08-24,236,8,2025,1,0,3,-9.36,26.55,7.26,white_wind
2025-08-25,237,8,2025,0,0,3,-3.91,23.56,7.48,cloudy
2025-08-26,238,8,2025,0,0,3,0.37,29.71,4.63,white_wind
2025-08-27,239,8,2025,0,0,3,2.03,26.31,4.48,white_wind
2025-08-28,240,8,2025,0,0,3,-1.19,24.73,6.45,cloudy
2025-08-29,241,8,2025,0,0,3,0.93,18.34,7.54,cloudy
2025-08-30,242,8,2025,1,0,3,-5.94,16.94,8.78,cloudy
2025-08-31,243,8,2025,1,1,3,-4.7,18.42,13.11,cloudy
2025-09-01,244,9,2025,0,0,3,-7.2,28.17,2.14,white_wind
2025-09-02,245,9,2025,0,0,3,-4.51,26.11,5.28,white_wind
2025-09-03,246,9,2025,0,0,3,-1.09,17.79,9.35,cloudy
2025-09-04,247,9,2025,0,0,3,-2.46,30.63,2.0,white_wind
2025-09-05,248,9,2025,0,0,3,-0.81,35.09,1.59,white_wind
2025-09-06,249,9,2025,1,0,3,-5.31,23.33,7.63,cloudy
2025-09-07,250,9,2025,1,0,3,-5.14,16.55,7.69,cloudy
2025-09-08,251,9,2025,0,0,3,-2.43,22.82,6.82,cloudy
2025-09-09,252,9,2025,0,0,3,-4.43,32.27,0.5,white_wind
2025-09-10,253,9,2025,0,0,3,0.36,30.5,4.48,white_wind
2025-09-11,254,9,2025,0,0,3,-4.44,21.74,7.52,cloudy
2025-09-12,255,9,2025,0,0,3,-4.09,36.47,0.5,white_wind
2025-09-13,256,9,2025,1,0,3,-1.78,35.49,1.71,white_wind
2025-09-14,257,9,2025,1,0,3,-3.77,23.06,5.86,cloudy
2025-09-15,258,9,2025,0,0,3,-5.85,23.05,8.49,cloudy
2025-09-16,259,9,2025,0,0,3,-5.47,24.01,3.91,white_wind
2025-09-17,260,9,2025,0,0,3,-1.34,24.57,8.82,cloudy
2025-09-18,261,9,2025,0,0,3,-6.05,33.36,0.5,white_wind
2025-09-19,262,9,2025,0,0,3,0.88,30.25,0.5,white_wind
2025-09-20,263,9,2025,1,0,3,-4.29,33.0,0.78,white_wind
2025-09-21,264,9,2025,1,0,3,-0.98,31.82,1.12,white_wind
2025-09-22,265,9,2025,0,0,3,-4.05,38.1,0.5,white_wind
2025-09-23,266,9,2025,0,0,3,-4.71,21.49,7.77,cloudy
2025-09-24,267,9,2025,0,0,3,-1.75,30.16,5.34,white_wind
2025-09-25,268,9,2025,0,0,3,0.32,14.86,10.15,clear
2025-09-26,269,9,2025,0,0,3,-2.87,20.02,6.47,cloudy
2025-09-27,270,9,2025,1,0,3,-2.36,27.49,1.78,white_wind
2025-09-28,271,9,2025,1,0,3,-0.12,30.47,1.74,white_wind
2025-09-29,272,9,2025,0,0,3,0.03,27.36,0.5,white_wind
2025-09-30,273,9,2025,0,1,3,-2.1,24.58,4.11,cloudy
2025-10-01,274,10,2025,0,0,4,-3.05,25.66,7.91,cloudy
2025-10-02,275,10,2025,0,0,4,-1.66,36.21,0.5,white_wind
2025-10-03,276,10,2025,0,0,4,-2.28,25.7,6.54,cloudy
2025-10-04,277,10,2025,1,0,4,-0.94,38.49,0.5,white_wind
2025-10-05,278,10,2025,1,0,4,-4.64,32.76,5.52,white_wind
2025-10-06,279,10,2025,0,0,4,-0.88,30.73,6.68,white_wind
2025-10-07,280,10,2025,0,0,4,-3.29,20.82,8.89,cloudy
2025-10-08,281,10,2025,0,0,4,0.85,33.58,5.59,white_wind
2025-10-09,282,10,2025,0,0,4,-3.01,24.99,6.29,cloudy
2025-10-10,283,10,2025,0,0,4,-2.88,20.77,9.31,cloudy
2025-10-11,284,10,2025,1,0,4,-0.04,30.99,5.28,white_wind
2025-10-12,285,10,2025,1,0,4,-1.03,19.56,8.62,cloudy
2025-10-13,286,10,2025,0,0,4,4.72,23.29,2.94,white_wind
2025-10-14,287,10,2025,0,0,4,-4.96,27.77,5.85,white_wind
2025-10-15,288,10,2025,0,0,4,-0.51,41.11,0.5,white_wind
2025-10-16,289,10,2025,0,0,4,2.13,23.64,5.31,cloudy
2025-10-17,290,10,2025,0,0,4,-2.04,24.97,6.17,cloudy
2025-10-18,291,10,2025,1,0,4,-2.77,32.07,3.21,white_wind
2025-10-19,292,10,2025,1,0,4,-2.57,20.2,8.23,cloudy
2025-10-20,293,10,2025,0,0,4,-4.32,30.24,4.28,white_wind
2025-10-21,294,10,2025,0,0,4,3.19,34.77,0.5,white_wind
2025-10-22,295,10,2025,0,0,4,-0.91,25.64,5.09,cloudy
2025-10-23,296,10,2025,0,0,4,-1.1,33.58,3.08,white_wind
2025-10-24,297,10,2025,0,0,4,-5.18,29.12,7.34,white_wind
2025-10-25,298,10,2025,1,0,4,-3.34,22.92,11.22,cloudy
2025-10-26,299,10,2025,1,0,4,4.02,26.06,5.92,white_wind
2025-10-27,300,10,2025,0,0,4,1.22,24.9,7.4,cloudy
2025-10-28,301,10,2025,0,0,4,3.5,26.58,9.07,white_wind
2025-10-29,302,10,2025,0,0,4,3.3,27.95,2.55,white_wind
2025-10-30,303,10,2025,0,0,4,-1.69,30.49,4.14,white_wind
2025-10-31,304,10,2025,0,1,4,7.01,29.93,4.72,white_wind
2025-11-01,305,11,2025,1,0,4,5.92,12.21,15.08,clear
2025-11-02,306,11,2025,1,0,4,-0.24,26.13,2.43,white_wind
2025-11-03,307,11,2025,0,0,4,-7.63,17.57,7.15,cloudy
2025-11-04,308,11,2025,0,0,4,0.52,24.89,5.6,cloudy
2025-11-05,309,11,2025,0,0,4,2.13,25.71,5.98,cloudy
2025-11-06,310,11,2025,0,0,4,0.24,32.22,4.36,white_wind
2025-11-07,311,11,2025,0,0,4,1.23,26.08,6.1,white_wind
2025-11-08,312,11,2025,1,0,4,-0.16,27.72,3.81,white_wind
2025-11-09,313,11,2025,1,0,4,4.35,30.82,3.5,white_wind
2025-11-10,314,11,2025,0,0,4,2.33,33.33,2.0,white_wind
2025-11-11,315,11,2025,0,0,4,4.68,25.12,9.28,cloudy
2025-11-12,316,11,2025,0,0,4,5.49,26.31,5.21,white_wind
2025-11-13,317,11,2025,0,0,4,-2.88,25.7,4.31,cloudy
2025-11-14,318,11,2025,0,0,4,0.77,22.27,7.85,cloudy
2025-11-15,319,11,2025,1,0,4,1.26,20.8,8.04,cloudy
2025-11-16,320,11,2025,1,0,4,9.39,11.66,8.71,cloudy
2025-11-17,321,11,2025,0,0,4,3.46,18.72,8.61,cloudy
2025-11-18,322,11,2025,0,0,4,5.26,14.38,10.59,clear
2025-11-19,323,11,2025,0,0,4,-1.34,32.46,0.57,white_wind
2025-11-20,324,11,2025,0,0,4,3.85,25.94,7.31,cloudy
2025-11-21,325,11,2025,0,0,4,6.08,23.93,4.31,cloudy
2025-11-22,326,11,2025,1,0,4,5.92,20.25,8.88,cloudy
2025-11-23,327,11,2025,1,0,4,5.46,24.6,5.38,cloudy
2025-11-24,328,11,2025,0,0,4,4.07,19.2,8.64,cloudy
2025-11-25,329,11,2025,0,0,4,4.33,25.2,6.31,cloudy
2025-11-26,330,11,2025,0,0,4,0.08,25.49,2.38,white_wind
2025-11-27,331,11,2025,0,0,4,2.2,18.71,9.07,cloudy
2025-11-28,332,11,2025,0,0,4,5.16,18.45,13.81,cloudy
2025-11-29,333,11,2025,1,0,4,2.93,29.37,0.5,white_wind
2025-11-30,334,11,2025,1,1,4,6.58,23.14,6.31,cloudy
2025-12-01,335,12,2025,0,0,4,6.17,18.62,11.16,cloudy
2025-12-02,336,12,2025,0,0,4,8.56,20.94,8.19,cloudy
2025-12-03,337,12,2025,0,0,4,7.67,16.95,11.04,clear
2025-12-04,338,12,2025,0,0,4,5.98,22.46,1.54,white_wind
2025-12-05,339,12,2025,0,0,4,7.42,27.7,5.47,white_wind
2025-12-06,340,12,2025,1,0,4,8.2,22.39,5.13,cloudy
2025-12-07,341,12,2025,1,0,4,4.56,36.59,0.5,white_wind
2025-12-08,342,12,2025,0,0,4,5.14,24.78,5.55,cloudy
2025-12-09,343,12,2025,0,0,4,5.86,23.47,11.28,cloudy
2025-12-10,344,12,2025,0,0,4,5.05,16.49,10.96,clear
2025-12-11,345,12,2025,0,0,4,8.91,20.35,7.58,cloudy
2025-12-12,346,12,2025,0,0,4,4.94,16.94,6.21,cloudy
2025-12-13,347,12,2025,1,0,4,9.77,8.46,14.04,clear
2025-12-14,348,12,2025,1,0,4,5.86,27.14,6.24,white_wind
2025-12-15,349,12,2025,0,0,4,8.09,18.06,8.79,cloudy
2025-12-16,350,12,2025,0,0,4,7.46,16.4,8.69,cloudy
2025-12-17,351,12,2025,0,0,4,4.74,22.07,5.71,cloudy
2025-12-18,352,12,2025,0,0,4,7.26,23.71,7.32,cloudy
2025-12-19,353,12,2025,0,0,4,8.27,18.55,10.4,cloudy
2025-12-20,354,12,2025,1,0,4,7.41,20.29,10.85,cloudy
2025-12-21,355,12,2025,1,0,4,4.34,24.61,3.5,white_wind
2025-12-22,356,12,2025,0,0,4,12.08,17.81,10.25,clear
2025-12-23,357,12,2025,0,0,4,8.18,21.61,6.93,cloudy
2025-12-24,358,12,2025,0,0,4,6.1,9.67,12.96,clear
2025-12-25,359,12,2025,0,0,4,12.26,12.01,12.88,clear
2025-12-26,360,12,2025,0,0,4,9.88,22.92,7.44,cloudy
2025-12-27,361,12,2025,1,0,4,5.46,11.36,13.49,clear
2025-12-28,362,12,2025,1,0,4,5.97,20.35,5.5,cloudy
2025-12-29,363,12,2025,0,0,4,8.15,17.89,7.4,cloudy
2025-12-30,364,12,2025,0,0,4,9.57,16.42,13.06,clear
2025-12-31,365,12,2025,0,1,4,10.51,13.46,10.79,clear
